priority_rank,institution,legal_employer,parent_system,fact_type,extracted_value,source_url,supporting_excerpt,page_title,retrieved_at,campus_system_scope,extractor_confidence,review_status,reviewer,reviewer_note
1,Northeastern University,Northeastern University,NONE_RECORDED,eb1b_supported,UNKNOWN,"","","","",UNKNOWN_SCOPE_REVIEW_REQUIRED,,MISSING_CANDIDATE,"",""
1,Northeastern University,Northeastern University,NONE_RECORDED,h1b_research_staff_eligible,UNKNOWN,"","","","",UNKNOWN_SCOPE_REVIEW_REQUIRED,,MISSING_CANDIDATE,"",""
1,Northeastern University,Northeastern University,NONE_RECORDED,perm_supported,UNKNOWN,"","","","",UNKNOWN_SCOPE_REVIEW_REQUIRED,,MISSING_CANDIDATE,"",""
1,Northeastern University,Northeastern University,NONE_RECORDED,pr_research_staff_eligible,UNKNOWN,"","","","",UNKNOWN_SCOPE_REVIEW_REQUIRED,,MISSING_CANDIDATE,"",""
2,University of Southern California,University of Southern California,NONE_RECORDED,eb1b_supported,UNKNOWN,"","","","",UNKNOWN_SCOPE_REVIEW_REQUIRED,,MISSING_CANDIDATE,"",""
2,University of Southern California,University of Southern California,NONE_RECORDED,h1b_research_staff_eligible,UNKNOWN,"","","","",UNKNOWN_SCOPE_REVIEW_REQUIRED,,MISSING_CANDIDATE,"",""
2,University of Southern California,University of Southern California,NONE_RECORDED,perm_supported,UNKNOWN,"","","","",UNKNOWN_SCOPE_REVIEW_REQUIRED,,MISSING_CANDIDATE,"",""
2,University of Southern California,University of Southern California,NONE_RECORDED,pr_research_staff_eligible,UNKNOWN,"","","","",UNKNOWN_SCOPE_REVIEW_REQUIRED,,MISSING_CANDIDATE,"",""
3,University of California-Los Angeles,University of California-Los Angeles,University of California,eb1b_supported,UNKNOWN,"","","","",UNKNOWN_SCOPE_REVIEW_REQUIRED,,MISSING_CANDIDATE,"",""
3,University of California-Los Angeles,University of California-Los Angeles,University of California,h1b_research_staff_eligible,UNKNOWN,"","","","",UNKNOWN_SCOPE_REVIEW_REQUIRED,,MISSING_CANDIDATE,"",""
3,University of California-Los Angeles,University of California-Los Angeles,University of California,perm_supported,UNKNOWN,"","","","",UNKNOWN_SCOPE_REVIEW_REQUIRED,,MISSING_CANDIDATE,"",""
3,University of California-Los Angeles,University of California-Los Angeles,University of California,pr_research_staff_eligible,UNKNOWN,"","","","",UNKNOWN_SCOPE_REVIEW_REQUIRED,,MISSING_CANDIDATE,"",""
4,Carnegie Mellon University,Carnegie Mellon University,NONE_RECORDED,eb1b_supported,UNKNOWN,"","","","",UNKNOWN_SCOPE_REVIEW_REQUIRED,,MISSING_CANDIDATE,"",""
4,Carnegie Mellon University,Carnegie Mellon University,NONE_RECORDED,h1b_research_staff_eligible,UNKNOWN,"","","","",UNKNOWN_SCOPE_REVIEW_REQUIRED,,MISSING_CANDIDATE,"",""
4,Carnegie Mellon University,Carnegie Mellon University,NONE_RECORDED,perm_supported,YES,https://www.cmu.edu/oie/employment/resources/us-permanent-residency.html,"If a sponsored employee does not meet the requirements for EB-1 categories, the department/employer can apply to the DOL using PERM labor certification regulations and one of Carnegie Mellon’s pre-approved immigration attorneys.",U.S. Permanent Residency,2026-08-15T01:37:44.398707Z,UNKNOWN_SCOPE_REVIEW_REQUIRED,0.99,REVIEWED_ACCEPTED,codex:phase7-operator,"Official HTTPS source, current page, institution scope, affirmative value, contradiction state, and exact supporting excerpt manually reviewed."
4,Carnegie Mellon University,Carnegie Mellon University,NONE_RECORDED,pr_research_staff_eligible,UNKNOWN,"","","","",UNKNOWN_SCOPE_REVIEW_REQUIRED,,MISSING_CANDIDATE,"",""
5,University of California-San Diego,University of California-San Diego,University of California,eb1b_supported,UNKNOWN,"","","","",UNKNOWN_SCOPE_REVIEW_REQUIRED,,MISSING_CANDIDATE,"",""
5,University of California-San Diego,University of California-San Diego,University of California,h1b_research_staff_eligible,UNKNOWN,"","","","",UNKNOWN_SCOPE_REVIEW_REQUIRED,,MISSING_CANDIDATE,"",""
5,University of California-San Diego,University of California-San Diego,University of California,perm_supported,UNKNOWN,"","","","",UNKNOWN_SCOPE_REVIEW_REQUIRED,,MISSING_CANDIDATE,"",""
5,University of California-San Diego,University of California-San Diego,University of California,pr_research_staff_eligible,UNKNOWN,"","","","",UNKNOWN_SCOPE_REVIEW_REQUIRED,,MISSING_CANDIDATE,"",""
6,University of North Texas,University of North Texas,University of North Texas System,eb1b_supported,UNKNOWN,"","","","",UNKNOWN_SCOPE_REVIEW_REQUIRED,,MISSING_CANDIDATE,"",""
6,University of North Texas,University of North Texas,University of North Texas System,h1b_research_staff_eligible,UNKNOWN,"","","","",UNKNOWN_SCOPE_REVIEW_REQUIRED,,MISSING_CANDIDATE,"",""
6,University of North Texas,University of North Texas,University of North Texas System,perm_supported,UNKNOWN,"","","","",UNKNOWN_SCOPE_REVIEW_REQUIRED,,MISSING_CANDIDATE,"",""
6,University of North Texas,University of North Texas,University of North Texas System,pr_research_staff_eligible,UNKNOWN,"","","","",UNKNOWN_SCOPE_REVIEW_REQUIRED,,MISSING_CANDIDATE,"",""
7,The University of Texas at San Antonio,The University of Texas at San Antonio,The University of Texas System,eb1b_supported,UNKNOWN,"","","","",UNKNOWN_SCOPE_REVIEW_REQUIRED,,MISSING_CANDIDATE,"",""
7,The University of Texas at San Antonio,The University of Texas at San Antonio,The University of Texas System,h1b_research_staff_eligible,UNKNOWN,"","","","",UNKNOWN_SCOPE_REVIEW_REQUIRED,,MISSING_CANDIDATE,"",""
7,The University of Texas at San Antonio,The University of Texas at San Antonio,The University of Texas System,perm_supported,YES,https://www.utsa.edu/hop/chapter4/4.24.html,"UTSA International Services processes requests for non-immigration petitions, labor certifications, and Employment-Based Permanent Resident petitions.","Section 4.24, Hiring of Foreign Nationals",2026-08-15T01:52:54.112951Z,UNKNOWN_SCOPE_REVIEW_REQUIRED,0.99,REVIEWED_ACCEPTED,codex:phase7-operator,"Official HTTPS source, current page, institution scope, affirmative value, contradiction state, and exact supporting excerpt manually reviewed."
7,The University of Texas at San Antonio,The University of Texas at San Antonio,The University of Texas System,pr_research_staff_eligible,UNKNOWN,"","","","",UNKNOWN_SCOPE_REVIEW_REQUIRED,,MISSING_CANDIDATE,"",""
8,The University of Texas at Austin,The University of Texas at Austin,The University of Texas System,eb1b_supported,UNKNOWN,"","","","",UNKNOWN_SCOPE_REVIEW_REQUIRED,,MISSING_CANDIDATE,"",""
8,The University of Texas at Austin,The University of Texas at Austin,The University of Texas System,h1b_research_staff_eligible,UNKNOWN,"","","","",UNKNOWN_SCOPE_REVIEW_REQUIRED,,MISSING_CANDIDATE,"",""
8,The University of Texas at Austin,The University of Texas at Austin,The University of Texas System,perm_supported,UNKNOWN,"","","","",UNKNOWN_SCOPE_REVIEW_REQUIRED,,MISSING_CANDIDATE,"",""
8,The University of Texas at Austin,The University of Texas at Austin,The University of Texas System,pr_research_staff_eligible,UNKNOWN,"","","","",UNKNOWN_SCOPE_REVIEW_REQUIRED,,MISSING_CANDIDATE,"",""
9,Northwestern University,Northwestern University,NONE_RECORDED,eb1b_supported,UNKNOWN,"","","","",UNKNOWN_SCOPE_REVIEW_REQUIRED,,MISSING_CANDIDATE,"",""
9,Northwestern University,Northwestern University,NONE_RECORDED,h1b_research_staff_eligible,UNKNOWN,"","","","",UNKNOWN_SCOPE_REVIEW_REQUIRED,,MISSING_CANDIDATE,"",""
9,Northwestern University,Northwestern University,NONE_RECORDED,perm_supported,UNKNOWN,"","","","",UNKNOWN_SCOPE_REVIEW_REQUIRED,,MISSING_CANDIDATE,"",""
9,Northwestern University,Northwestern University,NONE_RECORDED,pr_research_staff_eligible,UNKNOWN,"","","","",UNKNOWN_SCOPE_REVIEW_REQUIRED,,MISSING_CANDIDATE,"",""
10,University of Chicago,University of Chicago,NONE_RECORDED,eb1b_supported,UNKNOWN,"","","","",UNKNOWN_SCOPE_REVIEW_REQUIRED,,MISSING_CANDIDATE,"",""
10,University of Chicago,University of Chicago,NONE_RECORDED,h1b_research_staff_eligible,UNKNOWN,"","","","",UNKNOWN_SCOPE_REVIEW_REQUIRED,,MISSING_CANDIDATE,"",""
10,University of Chicago,University of Chicago,NONE_RECORDED,perm_supported,UNKNOWN,"","","","",UNKNOWN_SCOPE_REVIEW_REQUIRED,,MISSING_CANDIDATE,"",""
10,University of Chicago,University of Chicago,NONE_RECORDED,pr_research_staff_eligible,UNKNOWN,"","","","",UNKNOWN_SCOPE_REVIEW_REQUIRED,,MISSING_CANDIDATE,"",""
11,Texas Tech University,Texas Tech University,Texas Tech University System,eb1b_supported,UNKNOWN,"","","","",UNKNOWN_SCOPE_REVIEW_REQUIRED,,MISSING_CANDIDATE,"",""
11,Texas Tech University,Texas Tech University,Texas Tech University System,h1b_research_staff_eligible,UNKNOWN,"","","","",UNKNOWN_SCOPE_REVIEW_REQUIRED,,MISSING_CANDIDATE,"",""
11,Texas Tech University,Texas Tech University,Texas Tech University System,perm_supported,UNKNOWN,"","","","",UNKNOWN_SCOPE_REVIEW_REQUIRED,,MISSING_CANDIDATE,"",""
11,Texas Tech University,Texas Tech University,Texas Tech University System,pr_research_staff_eligible,UNKNOWN,"","","","",UNKNOWN_SCOPE_REVIEW_REQUIRED,,MISSING_CANDIDATE,"",""
12,University of South Florida,University of South Florida,State University System of Florida,eb1b_supported,UNKNOWN,"","","","",UNKNOWN_SCOPE_REVIEW_REQUIRED,,MISSING_CANDIDATE,"",""
12,University of South Florida,University of South Florida,State University System of Florida,h1b_research_staff_eligible,UNKNOWN,"","","","",UNKNOWN_SCOPE_REVIEW_REQUIRED,,MISSING_CANDIDATE,"",""
12,University of South Florida,University of South Florida,State University System of Florida,perm_supported,UNKNOWN,"","","","",UNKNOWN_SCOPE_REVIEW_REQUIRED,,MISSING_CANDIDATE,"",""
12,University of South Florida,University of South Florida,State University System of Florida,pr_research_staff_eligible,UNKNOWN,"","","","",UNKNOWN_SCOPE_REVIEW_REQUIRED,,MISSING_CANDIDATE,"",""
13,Kennesaw State University,Kennesaw State University,University System of Georgia,eb1b_supported,UNKNOWN,"","","","",UNKNOWN_SCOPE_REVIEW_REQUIRED,,MISSING_CANDIDATE,"",""
13,Kennesaw State University,Kennesaw State University,University System of Georgia,h1b_research_staff_eligible,UNKNOWN,"","","","",UNKNOWN_SCOPE_REVIEW_REQUIRED,,MISSING_CANDIDATE,"",""
13,Kennesaw State University,Kennesaw State University,University System of Georgia,perm_supported,UNKNOWN,"","","","",UNKNOWN_SCOPE_REVIEW_REQUIRED,,MISSING_CANDIDATE,"",""
13,Kennesaw State University,Kennesaw State University,University System of Georgia,pr_research_staff_eligible,UNKNOWN,"","","","",UNKNOWN_SCOPE_REVIEW_REQUIRED,,MISSING_CANDIDATE,"",""
14,University of California-Davis,University of California-Davis,University of California,eb1b_supported,UNKNOWN,"","","","",UNKNOWN_SCOPE_REVIEW_REQUIRED,,MISSING_CANDIDATE,"",""
14,University of California-Davis,University of California-Davis,University of California,h1b_research_staff_eligible,UNKNOWN,"","","","",UNKNOWN_SCOPE_REVIEW_REQUIRED,,MISSING_CANDIDATE,"",""
14,University of California-Davis,University of California-Davis,University of California,perm_supported,UNKNOWN,"","","","",UNKNOWN_SCOPE_REVIEW_REQUIRED,,MISSING_CANDIDATE,"",""
14,University of California-Davis,University of California-Davis,University of California,pr_research_staff_eligible,UNKNOWN,"","","","",UNKNOWN_SCOPE_REVIEW_REQUIRED,,MISSING_CANDIDATE,"",""
15,University of California-Irvine,University of California-Irvine,University of California,eb1b_supported,UNKNOWN,"","","","",UNKNOWN_SCOPE_REVIEW_REQUIRED,,MISSING_CANDIDATE,"",""
15,University of California-Irvine,University of California-Irvine,University of California,h1b_research_staff_eligible,UNKNOWN,"","","","",UNKNOWN_SCOPE_REVIEW_REQUIRED,,MISSING_CANDIDATE,"",""
15,University of California-Irvine,University of California-Irvine,University of California,perm_supported,UNKNOWN,"","","","",UNKNOWN_SCOPE_REVIEW_REQUIRED,,MISSING_CANDIDATE,"",""
15,University of California-Irvine,University of California-Irvine,University of California,pr_research_staff_eligible,UNKNOWN,"","","","",UNKNOWN_SCOPE_REVIEW_REQUIRED,,MISSING_CANDIDATE,"",""
16,Harvard University,Harvard University,NONE_RECORDED,eb1b_supported,UNKNOWN,"","","","",UNKNOWN_SCOPE_REVIEW_REQUIRED,,MISSING_CANDIDATE,"",""
16,Harvard University,Harvard University,NONE_RECORDED,h1b_research_staff_eligible,UNKNOWN,"","","","",UNKNOWN_SCOPE_REVIEW_REQUIRED,,MISSING_CANDIDATE,"",""
16,Harvard University,Harvard University,NONE_RECORDED,perm_supported,UNKNOWN,"","","","",UNKNOWN_SCOPE_REVIEW_REQUIRED,,MISSING_CANDIDATE,"",""
16,Harvard University,Harvard University,NONE_RECORDED,pr_research_staff_eligible,UNKNOWN,"","","","",UNKNOWN_SCOPE_REVIEW_REQUIRED,,MISSING_CANDIDATE,"",""
17,University of Utah,University of Utah,Utah System of Higher Education,eb1b_supported,UNKNOWN,"","","","",UNKNOWN_SCOPE_REVIEW_REQUIRED,,MISSING_CANDIDATE,"",""
17,University of Utah,University of Utah,Utah System of Higher Education,h1b_research_staff_eligible,UNKNOWN,"","","","",UNKNOWN_SCOPE_REVIEW_REQUIRED,,MISSING_CANDIDATE,"",""
17,University of Utah,University of Utah,Utah System of Higher Education,perm_supported,UNKNOWN,"","","","",UNKNOWN_SCOPE_REVIEW_REQUIRED,,MISSING_CANDIDATE,"",""
17,University of Utah,University of Utah,Utah System of Higher Education,pr_research_staff_eligible,UNKNOWN,"","","","",UNKNOWN_SCOPE_REVIEW_REQUIRED,,MISSING_CANDIDATE,"",""
18,Old Dominion University,Old Dominion University,NONE_RECORDED,eb1b_supported,UNKNOWN,https://www.odu.edu/about/policiesandprocedures/university/6000/6026,CGE prepares and signs all employment-based non-immigrant petitions and all permanent resident petitions based on recommendations of hiring managers.,University Policy 6026 — Visa and Immigration Services Policy,2026-08-15T01:59:22.184696Z,UNKNOWN_SCOPE_REVIEW_REQUIRED,0.58,NEEDS_REVIEW,"",CONFIDENCE_BELOW_0.85
18,Old Dominion University,Old Dominion University,NONE_RECORDED,h1b_research_staff_eligible,UNKNOWN,https://www.odu.edu/about/policiesandprocedures/university/6000/6026,CGE prepares and signs all employment-based non-immigrant petitions and all permanent resident petitions based on recommendations of hiring managers.,University Policy 6026 — Visa and Immigration Services Policy,2026-08-15T01:59:22.184696Z,UNKNOWN_SCOPE_REVIEW_REQUIRED,0.62,NEEDS_REVIEW,"",CONFIDENCE_BELOW_0.85
18,Old Dominion University,Old Dominion University,NONE_RECORDED,perm_supported,YES,https://www.odu.edu/about/policiesandprocedures/university/6000/6026,"Only the Center for Global Engagement (CGE) is authorized to prepare, sign and submit official immigration and non-immigration documents to appropriate Federal agencies",University Policy 6026 — Visa and Immigration Services Policy,2026-08-15T01:59:22.184696Z,UNKNOWN_SCOPE_REVIEW_REQUIRED,0.95,NEEDS_REVIEW,"",PENDING_HUMAN_REVIEW
18,Old Dominion University,Old Dominion University,NONE_RECORDED,pr_research_staff_eligible,UNKNOWN,https://www.odu.edu/about/policiesandprocedures/university/6000/6026,CGE prepares and signs all employment-based non-immigrant petitions and all permanent resident petitions based on recommendations of hiring managers.,University Policy 6026 — Visa and Immigration Services Policy,2026-08-15T01:59:22.184696Z,UNKNOWN_SCOPE_REVIEW_REQUIRED,0.62,NEEDS_REVIEW,"",CONFIDENCE_BELOW_0.85
19,Johns Hopkins University,Johns Hopkins University,NONE_RECORDED,eb1b_supported,UNKNOWN,"","","","",UNKNOWN_SCOPE_REVIEW_REQUIRED,,MISSING_CANDIDATE,"",""
19,Johns Hopkins University,Johns Hopkins University,NONE_RECORDED,h1b_research_staff_eligible,UNKNOWN,"","","","",UNKNOWN_SCOPE_REVIEW_REQUIRED,,MISSING_CANDIDATE,"",""
19,Johns Hopkins University,Johns Hopkins University,NONE_RECORDED,perm_supported,UNKNOWN,"","","","",UNKNOWN_SCOPE_REVIEW_REQUIRED,,MISSING_CANDIDATE,"",""
19,Johns Hopkins University,Johns Hopkins University,NONE_RECORDED,pr_research_staff_eligible,UNKNOWN,"","","","",UNKNOWN_SCOPE_REVIEW_REQUIRED,,MISSING_CANDIDATE,"",""
20,Yale University,Yale University,NONE_RECORDED,eb1b_supported,NOT_STATED,https://oiss.yale.edu/for-departments,permanent residence sponsorship for tenure-track and tenured faculty,For Departments — Immigration Sponsorship Policy,2026-08-15T01:40:03.200261Z,UNKNOWN_SCOPE_REVIEW_REQUIRED,0.98,NEEDS_REVIEW,"",PENDING_HUMAN_REVIEW
20,Yale University,Yale University,NONE_RECORDED,h1b_research_staff_eligible,YES,https://oiss.yale.edu/for-departments,"OISS oversees nonimmigrant visa sponsorship for eligible students and academic appointments defined by the Yale Faculty Handbook, provided they are full-time and based on campus",For Departments — Immigration Sponsorship Policy,2026-08-15T01:40:03.200261Z,UNKNOWN_SCOPE_REVIEW_REQUIRED,0.75,NEEDS_REVIEW,"",EXCERPT_NOT_FOUND_IN_FETCHED_SOURCE;CONFIDENCE_BELOW_0.85
20,Yale University,Yale University,NONE_RECORDED,perm_supported,NOT_STATED,https://oiss.yale.edu/for-departments,permanent residence sponsorship for tenure-track and tenured faculty,For Departments — Immigration Sponsorship Policy,2026-08-15T01:40:03.200261Z,UNKNOWN_SCOPE_REVIEW_REQUIRED,0.98,NEEDS_REVIEW,"",PENDING_HUMAN_REVIEW
20,Yale University,Yale University,NONE_RECORDED,pr_research_staff_eligible,NOT_STATED,https://oiss.yale.edu/for-departments,OISS oversees nonimmigrant visa sponsorship for eligible students and academic appointments ... as well as permanent residence sponsorship for tenure-track and tenured faculty.,For Departments — Immigration Sponsorship Policy,2026-08-15T01:40:03.200261Z,UNKNOWN_SCOPE_REVIEW_REQUIRED,0.9,NEEDS_REVIEW,"",PENDING_HUMAN_REVIEW
21,Massachusetts Institute of Technology,Massachusetts Institute of Technology,NONE_RECORDED,eb1b_supported,UNKNOWN,"","","","",UNKNOWN_SCOPE_REVIEW_REQUIRED,,MISSING_CANDIDATE,"",""
21,Massachusetts Institute of Technology,Massachusetts Institute of Technology,NONE_RECORDED,h1b_research_staff_eligible,UNKNOWN,"","","","",UNKNOWN_SCOPE_REVIEW_REQUIRED,,MISSING_CANDIDATE,"",""
21,Massachusetts Institute of Technology,Massachusetts Institute of Technology,NONE_RECORDED,perm_supported,UNKNOWN,"","","","",UNKNOWN_SCOPE_REVIEW_REQUIRED,,MISSING_CANDIDATE,"",""
21,Massachusetts Institute of Technology,Massachusetts Institute of Technology,NONE_RECORDED,pr_research_staff_eligible,UNKNOWN,"","","","",UNKNOWN_SCOPE_REVIEW_REQUIRED,,MISSING_CANDIDATE,"",""
22,Thomas Jefferson University,Thomas Jefferson University,NONE_RECORDED,eb1b_supported,UNKNOWN,"","","","",UNKNOWN_SCOPE_REVIEW_REQUIRED,,MISSING_CANDIDATE,"",""
22,Thomas Jefferson University,Thomas Jefferson University,NONE_RECORDED,h1b_research_staff_eligible,UNKNOWN,"","","","",UNKNOWN_SCOPE_REVIEW_REQUIRED,,MISSING_CANDIDATE,"",""
22,Thomas Jefferson University,Thomas Jefferson University,NONE_RECORDED,perm_supported,UNKNOWN,"","","","",UNKNOWN_SCOPE_REVIEW_REQUIRED,,MISSING_CANDIDATE,"",""
22,Thomas Jefferson University,Thomas Jefferson University,NONE_RECORDED,pr_research_staff_eligible,UNKNOWN,"","","","",UNKNOWN_SCOPE_REVIEW_REQUIRED,,MISSING_CANDIDATE,"",""
23,University of Central Missouri,University of Central Missouri,NONE_RECORDED,eb1b_supported,UNKNOWN,"","","","",UNKNOWN_SCOPE_REVIEW_REQUIRED,,MISSING_CANDIDATE,"",""
23,University of Central Missouri,University of Central Missouri,NONE_RECORDED,h1b_research_staff_eligible,UNKNOWN,"","","","",UNKNOWN_SCOPE_REVIEW_REQUIRED,,MISSING_CANDIDATE,"",""
23,University of Central Missouri,University of Central Missouri,NONE_RECORDED,perm_supported,UNKNOWN,"","","","",UNKNOWN_SCOPE_REVIEW_REQUIRED,,MISSING_CANDIDATE,"",""
23,University of Central Missouri,University of Central Missouri,NONE_RECORDED,pr_research_staff_eligible,UNKNOWN,"","","","",UNKNOWN_SCOPE_REVIEW_REQUIRED,,MISSING_CANDIDATE,"",""
24,The University of Texas at Arlington,The University of Texas at Arlington,The University of Texas System,eb1b_supported,UNKNOWN,"","","","",UNKNOWN_SCOPE_REVIEW_REQUIRED,,MISSING_CANDIDATE,"",""
24,The University of Texas at Arlington,The University of Texas at Arlington,The University of Texas System,h1b_research_staff_eligible,UNKNOWN,"","","","",UNKNOWN_SCOPE_REVIEW_REQUIRED,,MISSING_CANDIDATE,"",""
24,The University of Texas at Arlington,The University of Texas at Arlington,The University of Texas System,perm_supported,UNKNOWN,"","","","",UNKNOWN_SCOPE_REVIEW_REQUIRED,,MISSING_CANDIDATE,"",""
24,The University of Texas at Arlington,The University of Texas at Arlington,The University of Texas System,pr_research_staff_eligible,UNKNOWN,"","","","",UNKNOWN_SCOPE_REVIEW_REQUIRED,,MISSING_CANDIDATE,"",""
25,University of Illinois Chicago,University of Illinois Chicago,University of Illinois Board of Trustees,eb1b_supported,UNKNOWN,"","","","",UNKNOWN_SCOPE_REVIEW_REQUIRED,,MISSING_CANDIDATE,"",""
25,University of Illinois Chicago,University of Illinois Chicago,University of Illinois Board of Trustees,h1b_research_staff_eligible,UNKNOWN,"","","","",UNKNOWN_SCOPE_REVIEW_REQUIRED,,MISSING_CANDIDATE,"",""
25,University of Illinois Chicago,University of Illinois Chicago,University of Illinois Board of Trustees,perm_supported,UNKNOWN,"","","","",UNKNOWN_SCOPE_REVIEW_REQUIRED,,MISSING_CANDIDATE,"",""
25,University of Illinois Chicago,University of Illinois Chicago,University of Illinois Board of Trustees,pr_research_staff_eligible,UNKNOWN,"","","","",UNKNOWN_SCOPE_REVIEW_REQUIRED,,MISSING_CANDIDATE,"",""
26,Oregon State University,Oregon State University,NONE_RECORDED,eb1b_supported,UNKNOWN,"","","","",UNKNOWN_SCOPE_REVIEW_REQUIRED,,MISSING_CANDIDATE,"",""
26,Oregon State University,Oregon State University,NONE_RECORDED,h1b_research_staff_eligible,UNKNOWN,"","","","",UNKNOWN_SCOPE_REVIEW_REQUIRED,,MISSING_CANDIDATE,"",""
26,Oregon State University,Oregon State University,NONE_RECORDED,perm_supported,UNKNOWN,"","","","",UNKNOWN_SCOPE_REVIEW_REQUIRED,,MISSING_CANDIDATE,"",""
26,Oregon State University,Oregon State University,NONE_RECORDED,pr_research_staff_eligible,UNKNOWN,"","","","",UNKNOWN_SCOPE_REVIEW_REQUIRED,,MISSING_CANDIDATE,"",""
27,Florida State University,Florida State University,State University System of Florida,eb1b_supported,NOT_STATED,https://hr.fsu.edu/article/h-1b-hiring-update,"",H-1B Hiring Update,2026-08-15T01:34:28.476265Z,UNKNOWN_SCOPE_REVIEW_REQUIRED,0.99,NEEDS_REVIEW,"",PENDING_HUMAN_REVIEW
27,Florida State University,Florida State University,State University System of Florida,h1b_research_staff_eligible,UNKNOWN,https://hr.fsu.edu/article/h-1b-hiring-update,"FSU has a current moratorium on hiring new employees requiring immediate H-1B sponsorship through January 5, 2027.",H-1B Hiring Update,2026-08-15T01:34:28.476265Z,UNKNOWN_SCOPE_REVIEW_REQUIRED,0.98,NEEDS_REVIEW,"",PENDING_HUMAN_REVIEW
27,Florida State University,Florida State University,State University System of Florida,perm_supported,NOT_STATED,https://hr.fsu.edu/article/h-1b-hiring-update,"",H-1B Hiring Update,2026-08-15T01:34:28.476265Z,UNKNOWN_SCOPE_REVIEW_REQUIRED,0.99,NEEDS_REVIEW,"",PENDING_HUMAN_REVIEW
27,Florida State University,Florida State University,State University System of Florida,pr_research_staff_eligible,NOT_STATED,https://hr.fsu.edu/article/h-1b-hiring-update,"",H-1B Hiring Update,2026-08-15T01:34:28.476265Z,UNKNOWN_SCOPE_REVIEW_REQUIRED,0.99,NEEDS_REVIEW,"",PENDING_HUMAN_REVIEW
28,DePaul University,DePaul University,NONE_RECORDED,eb1b_supported,UNKNOWN,"","","","",UNKNOWN_SCOPE_REVIEW_REQUIRED,,MISSING_CANDIDATE,"",""
28,DePaul University,DePaul University,NONE_RECORDED,h1b_research_staff_eligible,UNKNOWN,"","","","",UNKNOWN_SCOPE_REVIEW_REQUIRED,,MISSING_CANDIDATE,"",""
28,DePaul University,DePaul University,NONE_RECORDED,perm_supported,UNKNOWN,"","","","",UNKNOWN_SCOPE_REVIEW_REQUIRED,,MISSING_CANDIDATE,"",""
28,DePaul University,DePaul University,NONE_RECORDED,pr_research_staff_eligible,UNKNOWN,"","","","",UNKNOWN_SCOPE_REVIEW_REQUIRED,,MISSING_CANDIDATE,"",""
29,George Mason University,George Mason University,NONE_RECORDED,eb1b_supported,NOT_STATED,https://oips.gmu.edu/h-1b-visa-info/,The document does not address EB-1B sponsorship.,H-1B Visa Information,2026-08-15T01:38:06.042757Z,UNKNOWN_SCOPE_REVIEW_REQUIRED,0.98,NEEDS_REVIEW,"",PENDING_HUMAN_REVIEW
29,George Mason University,George Mason University,NONE_RECORDED,h1b_research_staff_eligible,YES,https://oips.gmu.edu/h-1b-visa-info/,The H-1B is typically used for tenure-track or term faculty and long-term academic researchers.,H-1B Visa Information,2026-08-15T01:38:06.042757Z,UNKNOWN_SCOPE_REVIEW_REQUIRED,0.99,NEEDS_REVIEW,"",PENDING_HUMAN_REVIEW
29,George Mason University,George Mason University,NONE_RECORDED,perm_supported,NOT_STATED,https://oips.gmu.edu/h-1b-visa-info/,The document lists an I-140 fee but does not state that George Mason University supports PERM.,H-1B Visa Information,2026-08-15T01:38:06.042757Z,UNKNOWN_SCOPE_REVIEW_REQUIRED,0.98,NEEDS_REVIEW,"",PENDING_HUMAN_REVIEW
29,George Mason University,George Mason University,NONE_RECORDED,pr_research_staff_eligible,NOT_STATED,https://oips.gmu.edu/h-1b-visa-info/,The document does not address permanent-residence sponsorship eligibility for research staff.,H-1B Visa Information,2026-08-15T01:38:06.042757Z,UNKNOWN_SCOPE_REVIEW_REQUIRED,0.98,NEEDS_REVIEW,"",PENDING_HUMAN_REVIEW
30,Michigan State University,Michigan State University,NONE_RECORDED,eb1b_supported,UNKNOWN,"","","","",UNKNOWN_SCOPE_REVIEW_REQUIRED,,MISSING_CANDIDATE,"",""
30,Michigan State University,Michigan State University,NONE_RECORDED,h1b_research_staff_eligible,UNKNOWN,"","","","",UNKNOWN_SCOPE_REVIEW_REQUIRED,,MISSING_CANDIDATE,"",""
30,Michigan State University,Michigan State University,NONE_RECORDED,perm_supported,UNKNOWN,"","","","",UNKNOWN_SCOPE_REVIEW_REQUIRED,,MISSING_CANDIDATE,"",""
30,Michigan State University,Michigan State University,NONE_RECORDED,pr_research_staff_eligible,UNKNOWN,"","","","",UNKNOWN_SCOPE_REVIEW_REQUIRED,,MISSING_CANDIDATE,"",""
31,University of Florida,University of Florida,State University System of Florida,eb1b_supported,UNKNOWN,"","","","",UNKNOWN_SCOPE_REVIEW_REQUIRED,,MISSING_CANDIDATE,"",""
31,University of Florida,University of Florida,State University System of Florida,h1b_research_staff_eligible,UNKNOWN,"","","","",UNKNOWN_SCOPE_REVIEW_REQUIRED,,MISSING_CANDIDATE,"",""
31,University of Florida,University of Florida,State University System of Florida,perm_supported,UNKNOWN,"","","","",UNKNOWN_SCOPE_REVIEW_REQUIRED,,MISSING_CANDIDATE,"",""
31,University of Florida,University of Florida,State University System of Florida,pr_research_staff_eligible,UNKNOWN,"","","","",UNKNOWN_SCOPE_REVIEW_REQUIRED,,MISSING_CANDIDATE,"",""
32,Portland State University,Portland State University,NONE_RECORDED,eb1b_supported,UNKNOWN,"","","","",UNKNOWN_SCOPE_REVIEW_REQUIRED,,MISSING_CANDIDATE,"",""
32,Portland State University,Portland State University,NONE_RECORDED,h1b_research_staff_eligible,UNKNOWN,"","","","",UNKNOWN_SCOPE_REVIEW_REQUIRED,,MISSING_CANDIDATE,"",""
32,Portland State University,Portland State University,NONE_RECORDED,perm_supported,UNKNOWN,"","","","",UNKNOWN_SCOPE_REVIEW_REQUIRED,,MISSING_CANDIDATE,"",""
32,Portland State University,Portland State University,NONE_RECORDED,pr_research_staff_eligible,UNKNOWN,"","","","",UNKNOWN_SCOPE_REVIEW_REQUIRED,,MISSING_CANDIDATE,"",""
33,Virginia Polytechnic Institute and State University,Virginia Polytechnic Institute and State University,NONE_RECORDED,eb1b_supported,NOT_STATED,https://gss.vt.edu/vt-host/vt-host-green-card.html,"",Green Card Overview,2026-08-15T01:43:42.807849Z,UNKNOWN_SCOPE_REVIEW_REQUIRED,1.0,NEEDS_REVIEW,"",PENDING_HUMAN_REVIEW
33,Virginia Polytechnic Institute and State University,Virginia Polytechnic Institute and State University,NONE_RECORDED,h1b_research_staff_eligible,NOT_STATED,https://gss.vt.edu/vt-host/vt-host-green-card.html,"",Green Card Overview,2026-08-15T01:43:42.807849Z,UNKNOWN_SCOPE_REVIEW_REQUIRED,1.0,NEEDS_REVIEW,"",PENDING_HUMAN_REVIEW
33,Virginia Polytechnic Institute and State University,Virginia Polytechnic Institute and State University,NONE_RECORDED,perm_supported,YES,https://gss.vt.edu/vt-host/vt-host-green-card.html,Labor Certification Applications Basic PERM Overview Special Handling PERM Overview,Green Card Overview,2026-08-15T01:43:42.807849Z,UNKNOWN_SCOPE_REVIEW_REQUIRED,0.9,NEEDS_REVIEW,"",PENDING_HUMAN_REVIEW
33,Virginia Polytechnic Institute and State University,Virginia Polytechnic Institute and State University,NONE_RECORDED,pr_research_staff_eligible,YES,https://gss.vt.edu/vt-host/vt-host-green-card.html,Virginia Tech’s permanent residency policy allows departments to sponsor most employees for LPR status.,Green Card Overview,2026-08-15T01:43:42.807849Z,UNKNOWN_SCOPE_REVIEW_REQUIRED,0.93,NEEDS_REVIEW,"",PENDING_HUMAN_REVIEW
34,Georgia State University,Georgia State University,University System of Georgia,eb1b_supported,UNKNOWN,"","","","",UNKNOWN_SCOPE_REVIEW_REQUIRED,,MISSING_CANDIDATE,"",""
34,Georgia State University,Georgia State University,University System of Georgia,h1b_research_staff_eligible,UNKNOWN,"","","","",UNKNOWN_SCOPE_REVIEW_REQUIRED,,MISSING_CANDIDATE,"",""
34,Georgia State University,Georgia State University,University System of Georgia,perm_supported,UNKNOWN,"","","","",UNKNOWN_SCOPE_REVIEW_REQUIRED,,MISSING_CANDIDATE,"",""
34,Georgia State University,Georgia State University,University System of Georgia,pr_research_staff_eligible,UNKNOWN,"","","","",UNKNOWN_SCOPE_REVIEW_REQUIRED,,MISSING_CANDIDATE,"",""
35,Emory University,Emory University,NONE_RECORDED,eb1b_supported,UNKNOWN,"","","","",UNKNOWN_SCOPE_REVIEW_REQUIRED,,MISSING_CANDIDATE,"",""
35,Emory University,Emory University,NONE_RECORDED,h1b_research_staff_eligible,UNKNOWN,"","","","",UNKNOWN_SCOPE_REVIEW_REQUIRED,,MISSING_CANDIDATE,"",""
35,Emory University,Emory University,NONE_RECORDED,perm_supported,UNKNOWN,"","","","",UNKNOWN_SCOPE_REVIEW_REQUIRED,,MISSING_CANDIDATE,"",""
35,Emory University,Emory University,NONE_RECORDED,pr_research_staff_eligible,UNKNOWN,"","","","",UNKNOWN_SCOPE_REVIEW_REQUIRED,,MISSING_CANDIDATE,"",""
36,Drexel University,Drexel University,NONE_RECORDED,eb1b_supported,UNKNOWN,https://drexel.edu/studentlife/student-success/international-student-support/hiring-foreign-nationals,"Permanent Residency , commonly known as a ""green card,""",Hiring International Employees,2026-08-15T02:09:29.513376Z,UNKNOWN_SCOPE_REVIEW_REQUIRED,0.99,NEEDS_REVIEW,"",PENDING_HUMAN_REVIEW
36,Drexel University,Drexel University,NONE_RECORDED,h1b_research_staff_eligible,LIMITED,https://drexel.edu/studentlife/student-success/international-student-support/hiring-foreign-nationals,as well as a limited number of staff positions,Hiring International Employees,2026-08-15T02:09:29.513376Z,UNKNOWN_SCOPE_REVIEW_REQUIRED,0.85,NEEDS_REVIEW,"",VALUE_LIMITED
36,Drexel University,Drexel University,NONE_RECORDED,perm_supported,YES,https://drexel.edu/studentlife/student-success/international-student-support/hiring-foreign-nationals,Departments interested in sponsoring a tenured or tenure-track faculty member for permanent residence should contact ISSS,Hiring International Employees,2026-08-15T02:09:29.513376Z,UNKNOWN_SCOPE_REVIEW_REQUIRED,0.99,NEEDS_REVIEW,"",PENDING_HUMAN_REVIEW
36,Drexel University,Drexel University,NONE_RECORDED,pr_research_staff_eligible,LIMITED,https://drexel.edu/studentlife/student-success/international-student-support/hiring-foreign-nationals,suitable for tenure-track faculty and certain research positions,Hiring International Employees,2026-08-15T02:09:29.513376Z,UNKNOWN_SCOPE_REVIEW_REQUIRED,0.95,NEEDS_REVIEW,"",VALUE_LIMITED
37,University of Arizona,University of Arizona,Arizona Board of Regents,eb1b_supported,UNKNOWN,"","","","",UNKNOWN_SCOPE_REVIEW_REQUIRED,,MISSING_CANDIDATE,"",""
37,University of Arizona,University of Arizona,Arizona Board of Regents,h1b_research_staff_eligible,UNKNOWN,"","","","",UNKNOWN_SCOPE_REVIEW_REQUIRED,,MISSING_CANDIDATE,"",""
37,University of Arizona,University of Arizona,Arizona Board of Regents,perm_supported,UNKNOWN,"","","","",UNKNOWN_SCOPE_REVIEW_REQUIRED,,MISSING_CANDIDATE,"",""
37,University of Arizona,University of Arizona,Arizona Board of Regents,pr_research_staff_eligible,UNKNOWN,"","","","",UNKNOWN_SCOPE_REVIEW_REQUIRED,,MISSING_CANDIDATE,"",""
38,Icahn School of Medicine at Mount Sinai,Icahn School of Medicine at Mount Sinai,NONE_RECORDED,eb1b_supported,UNKNOWN,"","","","",UNKNOWN_SCOPE_REVIEW_REQUIRED,,MISSING_CANDIDATE,"",""
38,Icahn School of Medicine at Mount Sinai,Icahn School of Medicine at Mount Sinai,NONE_RECORDED,h1b_research_staff_eligible,UNKNOWN,"","","","",UNKNOWN_SCOPE_REVIEW_REQUIRED,,MISSING_CANDIDATE,"",""
38,Icahn School of Medicine at Mount Sinai,Icahn School of Medicine at Mount Sinai,NONE_RECORDED,perm_supported,UNKNOWN,"","","","",UNKNOWN_SCOPE_REVIEW_REQUIRED,,MISSING_CANDIDATE,"",""
38,Icahn School of Medicine at Mount Sinai,Icahn School of Medicine at Mount Sinai,NONE_RECORDED,pr_research_staff_eligible,UNKNOWN,"","","","",UNKNOWN_SCOPE_REVIEW_REQUIRED,,MISSING_CANDIDATE,"",""
39,Clemson University,Clemson University,NONE_RECORDED,eb1b_supported,UNKNOWN,"","","","",UNKNOWN_SCOPE_REVIEW_REQUIRED,,MISSING_CANDIDATE,"",""
39,Clemson University,Clemson University,NONE_RECORDED,h1b_research_staff_eligible,UNKNOWN,"","","","",UNKNOWN_SCOPE_REVIEW_REQUIRED,,MISSING_CANDIDATE,"",""
39,Clemson University,Clemson University,NONE_RECORDED,perm_supported,UNKNOWN,"","","","",UNKNOWN_SCOPE_REVIEW_REQUIRED,,MISSING_CANDIDATE,"",""
39,Clemson University,Clemson University,NONE_RECORDED,pr_research_staff_eligible,UNKNOWN,"","","","",UNKNOWN_SCOPE_REVIEW_REQUIRED,,MISSING_CANDIDATE,"",""
40,University of Pennsylvania,University of Pennsylvania,NONE_RECORDED,eb1b_supported,UNKNOWN,"","","","",UNKNOWN_SCOPE_REVIEW_REQUIRED,,MISSING_CANDIDATE,"",""
40,University of Pennsylvania,University of Pennsylvania,NONE_RECORDED,h1b_research_staff_eligible,UNKNOWN,"","","","",UNKNOWN_SCOPE_REVIEW_REQUIRED,,MISSING_CANDIDATE,"",""
40,University of Pennsylvania,University of Pennsylvania,NONE_RECORDED,perm_supported,UNKNOWN,"","","","",UNKNOWN_SCOPE_REVIEW_REQUIRED,,MISSING_CANDIDATE,"",""
40,University of Pennsylvania,University of Pennsylvania,NONE_RECORDED,pr_research_staff_eligible,UNKNOWN,"","","","",UNKNOWN_SCOPE_REVIEW_REQUIRED,,MISSING_CANDIDATE,"",""
41,Tufts University,Tufts University,NONE_RECORDED,eb1b_supported,UNKNOWN,"","","","",UNKNOWN_SCOPE_REVIEW_REQUIRED,,MISSING_CANDIDATE,"",""
41,Tufts University,Tufts University,NONE_RECORDED,h1b_research_staff_eligible,UNKNOWN,"","","","",UNKNOWN_SCOPE_REVIEW_REQUIRED,,MISSING_CANDIDATE,"",""
41,Tufts University,Tufts University,NONE_RECORDED,perm_supported,UNKNOWN,"","","","",UNKNOWN_SCOPE_REVIEW_REQUIRED,,MISSING_CANDIDATE,"",""
41,Tufts University,Tufts University,NONE_RECORDED,pr_research_staff_eligible,UNKNOWN,"","","","",UNKNOWN_SCOPE_REVIEW_REQUIRED,,MISSING_CANDIDATE,"",""
42,Boston College,Boston College,NONE_RECORDED,eb1b_supported,UNKNOWN,"","","","",UNKNOWN_SCOPE_REVIEW_REQUIRED,,MISSING_CANDIDATE,"",""
42,Boston College,Boston College,NONE_RECORDED,h1b_research_staff_eligible,UNKNOWN,"","","","",UNKNOWN_SCOPE_REVIEW_REQUIRED,,MISSING_CANDIDATE,"",""
42,Boston College,Boston College,NONE_RECORDED,perm_supported,UNKNOWN,"","","","",UNKNOWN_SCOPE_REVIEW_REQUIRED,,MISSING_CANDIDATE,"",""
42,Boston College,Boston College,NONE_RECORDED,pr_research_staff_eligible,UNKNOWN,"","","","",UNKNOWN_SCOPE_REVIEW_REQUIRED,,MISSING_CANDIDATE,"",""
43,Grand Valley State University,Grand Valley State University,NONE_RECORDED,eb1b_supported,UNKNOWN,"","","","",UNKNOWN_SCOPE_REVIEW_REQUIRED,,MISSING_CANDIDATE,"",""
43,Grand Valley State University,Grand Valley State University,NONE_RECORDED,h1b_research_staff_eligible,UNKNOWN,"","","","",UNKNOWN_SCOPE_REVIEW_REQUIRED,,MISSING_CANDIDATE,"",""
43,Grand Valley State University,Grand Valley State University,NONE_RECORDED,perm_supported,UNKNOWN,"","","","",UNKNOWN_SCOPE_REVIEW_REQUIRED,,MISSING_CANDIDATE,"",""
43,Grand Valley State University,Grand Valley State University,NONE_RECORDED,pr_research_staff_eligible,UNKNOWN,"","","","",UNKNOWN_SCOPE_REVIEW_REQUIRED,,MISSING_CANDIDATE,"",""
44,University of Nebraska-Lincoln,University of Nebraska-Lincoln,University of Nebraska,eb1b_supported,UNKNOWN,"","","","",UNKNOWN_SCOPE_REVIEW_REQUIRED,,MISSING_CANDIDATE,"",""
44,University of Nebraska-Lincoln,University of Nebraska-Lincoln,University of Nebraska,h1b_research_staff_eligible,UNKNOWN,"","","","",UNKNOWN_SCOPE_REVIEW_REQUIRED,,MISSING_CANDIDATE,"",""
44,University of Nebraska-Lincoln,University of Nebraska-Lincoln,University of Nebraska,perm_supported,UNKNOWN,"","","","",UNKNOWN_SCOPE_REVIEW_REQUIRED,,MISSING_CANDIDATE,"",""
44,University of Nebraska-Lincoln,University of Nebraska-Lincoln,University of Nebraska,pr_research_staff_eligible,UNKNOWN,"","","","",UNKNOWN_SCOPE_REVIEW_REQUIRED,,MISSING_CANDIDATE,"",""
45,Brown University,Brown University,NONE_RECORDED,eb1b_supported,UNKNOWN,"","","","",UNKNOWN_SCOPE_REVIEW_REQUIRED,,MISSING_CANDIDATE,"",""
45,Brown University,Brown University,NONE_RECORDED,h1b_research_staff_eligible,UNKNOWN,"","","","",UNKNOWN_SCOPE_REVIEW_REQUIRED,,MISSING_CANDIDATE,"",""
45,Brown University,Brown University,NONE_RECORDED,perm_supported,UNKNOWN,"","","","",UNKNOWN_SCOPE_REVIEW_REQUIRED,,MISSING_CANDIDATE,"",""
45,Brown University,Brown University,NONE_RECORDED,pr_research_staff_eligible,UNKNOWN,"","","","",UNKNOWN_SCOPE_REVIEW_REQUIRED,,MISSING_CANDIDATE,"",""
46,Appalachian State University,Appalachian State University,University of North Carolina,eb1b_supported,NOT_STATED,https://hr.appstate.edu/hr-services/immigration-support/hiring-department-information,The permanent residency process is multiple steps and can take several years to complete.,Hiring Department Information — Immigration Support,2026-08-15T02:14:59.317828Z,UNKNOWN_SCOPE_REVIEW_REQUIRED,0.98,NEEDS_REVIEW,"",PENDING_HUMAN_REVIEW
46,Appalachian State University,Appalachian State University,University of North Carolina,h1b_research_staff_eligible,UNKNOWN,https://hr.appstate.edu/hr-services/immigration-support/hiring-department-information,Positions eligible for H-1B sponsorship at App State may include full time faculty and full time staff roles.,Hiring Department Information — Immigration Support,2026-08-15T02:14:59.317828Z,UNKNOWN_SCOPE_REVIEW_REQUIRED,0.85,NEEDS_REVIEW,"",PENDING_HUMAN_REVIEW
46,Appalachian State University,Appalachian State University,University of North Carolina,perm_supported,YES,https://hr.appstate.edu/hr-services/immigration-support/hiring-department-information,Appalachian State University does support the Special Handling PERM process,Hiring Department Information — Immigration Support,2026-08-15T02:14:59.317828Z,UNKNOWN_SCOPE_REVIEW_REQUIRED,0.99,REVIEWED_ACCEPTED,codex:phase7-operator,"Official HTTPS source, current page, institution scope, affirmative value, contradiction state, and exact supporting excerpt manually reviewed."
46,Appalachian State University,Appalachian State University,University of North Carolina,pr_research_staff_eligible,UNKNOWN,https://hr.appstate.edu/hr-services/immigration-support/hiring-department-information,Positions NOT eligible for permanent residency sponsorship at App State include ... full-time staff roles.,Hiring Department Information — Immigration Support,2026-08-15T02:14:59.317828Z,UNKNOWN_SCOPE_REVIEW_REQUIRED,0.9,NEEDS_REVIEW,"",PENDING_HUMAN_REVIEW
47,Cornell University,Cornell University,Cornell University,eb1b_supported,UNKNOWN,"","","","",UNKNOWN_SCOPE_REVIEW_REQUIRED,,MISSING_CANDIDATE,"",""
47,Cornell University,Cornell University,Cornell University,h1b_research_staff_eligible,UNKNOWN,"","","","",UNKNOWN_SCOPE_REVIEW_REQUIRED,,MISSING_CANDIDATE,"",""
47,Cornell University,Cornell University,Cornell University,perm_supported,UNKNOWN,"","","","",UNKNOWN_SCOPE_REVIEW_REQUIRED,,MISSING_CANDIDATE,"",""
47,Cornell University,Cornell University,Cornell University,pr_research_staff_eligible,UNKNOWN,"","","","",UNKNOWN_SCOPE_REVIEW_REQUIRED,,MISSING_CANDIDATE,"",""
48,University of Kentucky,University of Kentucky,NONE_RECORDED,eb1b_supported,UNKNOWN,"","","","",UNKNOWN_SCOPE_REVIEW_REQUIRED,,MISSING_CANDIDATE,"",""
48,University of Kentucky,University of Kentucky,NONE_RECORDED,h1b_research_staff_eligible,UNKNOWN,"","","","",UNKNOWN_SCOPE_REVIEW_REQUIRED,,MISSING_CANDIDATE,"",""
48,University of Kentucky,University of Kentucky,NONE_RECORDED,perm_supported,UNKNOWN,"","","","",UNKNOWN_SCOPE_REVIEW_REQUIRED,,MISSING_CANDIDATE,"",""
48,University of Kentucky,University of Kentucky,NONE_RECORDED,pr_research_staff_eligible,UNKNOWN,"","","","",UNKNOWN_SCOPE_REVIEW_REQUIRED,,MISSING_CANDIDATE,"",""
49,Vanderbilt University,Vanderbilt University,NONE_RECORDED,eb1b_supported,UNKNOWN,"","","","",UNKNOWN_SCOPE_REVIEW_REQUIRED,,MISSING_CANDIDATE,"",""
49,Vanderbilt University,Vanderbilt University,NONE_RECORDED,h1b_research_staff_eligible,UNKNOWN,"","","","",UNKNOWN_SCOPE_REVIEW_REQUIRED,,MISSING_CANDIDATE,"",""
49,Vanderbilt University,Vanderbilt University,NONE_RECORDED,perm_supported,UNKNOWN,"","","","",UNKNOWN_SCOPE_REVIEW_REQUIRED,,MISSING_CANDIDATE,"",""
49,Vanderbilt University,Vanderbilt University,NONE_RECORDED,pr_research_staff_eligible,UNKNOWN,"","","","",UNKNOWN_SCOPE_REVIEW_REQUIRED,,MISSING_CANDIDATE,"",""
50,University of Iowa,University of Iowa,NONE_RECORDED,eb1b_supported,UNKNOWN,"","","","",UNKNOWN_SCOPE_REVIEW_REQUIRED,,MISSING_CANDIDATE,"",""
50,University of Iowa,University of Iowa,NONE_RECORDED,h1b_research_staff_eligible,UNKNOWN,"","","","",UNKNOWN_SCOPE_REVIEW_REQUIRED,,MISSING_CANDIDATE,"",""
50,University of Iowa,University of Iowa,NONE_RECORDED,perm_supported,UNKNOWN,"","","","",UNKNOWN_SCOPE_REVIEW_REQUIRED,,MISSING_CANDIDATE,"",""
50,University of Iowa,University of Iowa,NONE_RECORDED,pr_research_staff_eligible,UNKNOWN,"","","","",UNKNOWN_SCOPE_REVIEW_REQUIRED,,MISSING_CANDIDATE,"",""
