audit_category,legal_entity_id,selection_name,resolved_legal_entity,parent_organization,observed_source_names,observed_legal_employer_locations,source_ids,match_statuses,minimum_match_score,location_conflict_observations,location_conflict_source_rows,resolution_confidence,human_override_required,existing_reviewers,audit_review_status,reviewer,reviewer_note,relevant_lca_count,relevant_perm_count,uscis_approval_count,research_spending
COMPANY_OR_OTHER_EMPLOYER,legal_source_3e0c47f1f421ea53999b,Microsoft Corporation,Microsoft Corporation,,Microsoft Corporation | MICROSOFT CORPORATION | Microsoft Corporation  | Microsoft  Corporation ,"REDMOND, WA",dol_lca | dol_perm | uscis_h1b,DETERMINISTIC,1.0,0,0,HIGH,NO_EVIDENT_NEED,,PENDING_HUMAN_REVIEW,,,10136,8724,9247,0
COMPANY_OR_OTHER_EMPLOYER,legal_source_d811d874e4fbe1749972,COGNIZANT TECHNOLOGY SOLUTIONS US CORP,COGNIZANT TECHNOLOGY SOLUTIONS US CORP,,COGNIZANT TECHNOLOGY SOLUTIONS US CORP | COGNIZANT TECHNOLOGY SOLUTIONS US CORPORATION | COGNIZANT TECH SOLUTIONS US CORP,"COLLEGE STATION, TX",dol_lca | dol_perm | uscis_h1b,DETERMINISTIC,1.0,0,0,HIGH,NO_EVIDENT_NEED,,PENDING_HUMAN_REVIEW,,,12612,2219,7200,0
COMPANY_OR_OTHER_EMPLOYER,legal_source_ae47dbbe9657897136ab,Google LLC,Google LLC,,Google LLC | GOOGLE LLC,"MOUNTAIN VIEW, CA",dol_lca | dol_perm | uscis_h1b,DETERMINISTIC,1.0,0,0,HIGH,NO_EVIDENT_NEED,,PENDING_HUMAN_REVIEW,,,7010,7096,14088,0
COMPANY_OR_OTHER_EMPLOYER,legal_source_3a2dae8efb3d74fb7d48,INFOSYS LIMITED,INFOSYS LIMITED,,INFOSYS LIMITED | INFOSYS LTD. | INFOSYS LTD,"RICHARDSON, TX",dol_lca | dol_perm | uscis_h1b,DETERMINISTIC,1.0,0,0,HIGH,NO_EVIDENT_NEED,,PENDING_HUMAN_REVIEW,,,7959,2493,12434,0
COMPANY_OR_OTHER_EMPLOYER,legal_source_13bf1ff21b360dbd0ceb,Apple Inc.,Apple Inc.,,Apple Inc. | APPLE INC. | APPLE INC,"CUPERTINO, CA",dol_lca | dol_perm | uscis_h1b,DETERMINISTIC,1.0,0,0,HIGH,NO_EVIDENT_NEED,,PENDING_HUMAN_REVIEW,,,5849,3042,11448,0
COMPANY_OR_OTHER_EMPLOYER,legal_source_00eee56d10b3ccbb9042,TATA CONSULTANCY SERVICES LIMITED,TATA CONSULTANCY SERVICES LIMITED,,TATA CONSULTANCY SERVICES LIMITED | Tata Consultancy Services Limited | TATA CONSULTANCY SVCS LTD | TATA CONSULTANCY SERVICES LTD,"ROCKVILLE, MD",dol_lca | dol_perm | uscis_h1b,DETERMINISTIC,1.0,0,0,HIGH,NO_EVIDENT_NEED,,PENDING_HUMAN_REVIEW,,,7810,429,15291,0
COMPANY_OR_OTHER_EMPLOYER,legal_source_c166941b32aa89c44cda,Ernst & Young U.S. LLP,Ernst & Young U.S. LLP,,Ernst & Young U.S. LLP | ERNST AND YOUNG U S LLP | ERNST & YOUNG U.S. LLP,"SECAUCUS, NJ",dol_lca | dol_perm | uscis_h1b,DETERMINISTIC,1.0,0,0,HIGH,NO_EVIDENT_NEED,,PENDING_HUMAN_REVIEW,,,5520,178,1647,0
COMPANY_OR_OTHER_EMPLOYER,legal_source_f201b3217ffdf52cddfd,Deloitte Consulting LLP,Deloitte Consulting LLP,,Deloitte Consulting LLP | DELOITTE CONSULTING LLP,"PHILADELPHIA, PA",dol_lca | dol_perm | uscis_h1b,DETERMINISTIC,1.0,0,0,HIGH,NO_EVIDENT_NEED,,PENDING_HUMAN_REVIEW,,,3702,1886,7057,0
COMPANY_OR_OTHER_EMPLOYER,legal_source_29d480d9de9b4986a12d,JPMorgan Chase & Co.,JPMorgan Chase & Co.,,JPMorgan Chase & Co. | JPMORGAN CHASE & CO. | JPMorgan Chase & Co.  | JPMORGAN CHASE AND CO | JPMORGAN CHASE & CO | JPMorgan Chase & Co | JPMORGAN  CHASE & CO. | JPMorgan Chase& Co. ,"CHICAGO, IL",dol_lca | dol_perm | uscis_h1b,DETERMINISTIC,1.0,0,0,HIGH,NO_EVIDENT_NEED,,PENDING_HUMAN_REVIEW,,,3821,876,5999,0
COMPANY_OR_OTHER_EMPLOYER,legal_source_1a64103b7eca33fb7f8c,Accenture LLP,Accenture LLP,,Accenture LLP | ACCENTURE LLP,"CHICAGO, IL | TORONTO",dol_lca | dol_perm | uscis_h1b,DETERMINISTIC,1.0,0,0,HIGH,NO_EVIDENT_NEED,,PENDING_HUMAN_REVIEW,,,3466,1097,4094,0
COMPANY_OR_OTHER_EMPLOYER,legal_source_0a6cf2a36712d7810743,"ORACLE AMERICA, INC.","ORACLE AMERICA, INC.",,"ORACLE AMERICA, INC. | Oracle America, Inc. | ORACLE AMERICA INC | Oracle America Inc. | Oracle America, Inc.  | Oracle America, Inc","AUSTIN, TX",dol_lca | dol_perm | uscis_h1b,DETERMINISTIC,1.0,0,0,HIGH,NO_EVIDENT_NEED,,PENDING_HUMAN_REVIEW,,,1374,3062,7524,0
COMPANY_OR_OTHER_EMPLOYER,legal_source_9673b65cf25853f187f7,CAPGEMINI AMERICA INC,CAPGEMINI AMERICA INC,,"CAPGEMINI AMERICA INC | CAPGEMINI AMERICA, INC. | Capgemini America Inc | Capgemini America, Inc. | CAPGEMINI AMERICA INC ","CHICAGO, IL",dol_lca | dol_perm | uscis_h1b,DETERMINISTIC,1.0,0,0,HIGH,NO_EVIDENT_NEED,,PENDING_HUMAN_REVIEW,,,3859,517,4890,0
COMPANY_OR_OTHER_EMPLOYER,legal_source_d78b1fc1ef1ba8edfa52,WIPRO LIMITED,WIPRO LIMITED,,WIPRO LIMITED | Wipro Limited,"EAST BRUNSWICK, NJ",dol_lca | dol_perm | uscis_h1b,DETERMINISTIC,1.0,0,0,HIGH,NO_EVIDENT_NEED,,PENDING_HUMAN_REVIEW,,,3182,754,4523,0
COMPANY_OR_OTHER_EMPLOYER,legal_source_1dedd1185d2ca0d0ff44,TATA CONSULTANCY SERVICES LIMITED,TATA CONSULTANCY SERVICES LIMITED,,TATA CONSULTANCY SERVICES LIMITED,"NEW YORK, NY",dol_perm,REVIEW_REQUIRED,0.85,0,0,REVIEW_REQUIRED,YES,,PENDING_HUMAN_REVIEW,,,0,3790,0,0
COMPANY_OR_OTHER_EMPLOYER,legal_source_506db2caa88df0ab1212,"Salesforce, Inc.","Salesforce, Inc.",,"Salesforce, Inc. | SALESFORCE INC | Salesforce, Inc.  | Salesforce Inc.  | SALESFORCE  INC","SAN FRANCISCO, CA",dol_lca | dol_perm | uscis_h1b,DETERMINISTIC,1.0,0,0,HIGH,NO_EVIDENT_NEED,,PENDING_HUMAN_REVIEW,,,2454,1335,3340,0
COMPANY_OR_OTHER_EMPLOYER,legal_source_7b24c80e95facfe0f669,HCL AMERICA INC,HCL AMERICA INC,,"HCL AMERICA INC | HCL America, Inc. | HCL America Inc. | HCL America, Inc.  | HCL America, Inc","SANTA CLARA, CA",dol_lca | dol_perm | uscis_h1b,DETERMINISTIC,1.0,0,0,HIGH,NO_EVIDENT_NEED,,PENDING_HUMAN_REVIEW,,,2845,323,3386,0
COMPANY_OR_OTHER_EMPLOYER,legal_source_2803244c862b19b733ab,"CISCO SYSTEMS, INC.","CISCO SYSTEMS, INC.",,"CISCO SYSTEMS, INC. | Cisco Systems, Inc. | CISCO SYSTEMS INC","SAN JOSE, CA",dol_lca | dol_perm | uscis_h1b,DETERMINISTIC,1.0,0,0,HIGH,NO_EVIDENT_NEED,,PENDING_HUMAN_REVIEW,,,1305,1738,6176,0
COMPANY_OR_OTHER_EMPLOYER,legal_source_087a9cc3d63f4e90e1ab,IBM Corporation,IBM Corporation,,IBM Corporation | IBM CORPORATION | IBM CORPORATION  | IBM Corporation ,"DURHAM, NC",dol_lca | dol_perm | uscis_h1b,DETERMINISTIC,1.0,0,0,HIGH,NO_EVIDENT_NEED,,PENDING_HUMAN_REVIEW,,,2716,309,5985,0
COMPANY_OR_OTHER_EMPLOYER,legal_source_d4834c1337b41d67df6d,LinkedIn Corporation,LinkedIn Corporation,,LinkedIn Corporation | LINKEDIN CORPORATION | LinkedIn Corporation  | LINKEDIN CORP,"SUNNYVALE, CA",dol_lca | dol_perm | uscis_h1b,DETERMINISTIC,1.0,0,0,HIGH,NO_EVIDENT_NEED,,PENDING_HUMAN_REVIEW,,,1305,1651,2902,0
COMPANY_OR_OTHER_EMPLOYER,legal_source_f6b3fbb28e0d608c28ef,Mphasis Corporation,Mphasis Corporation,,Mphasis Corporation | Mphasis Corporation  | MPHASIS CORPORATION,"NEW YORK, NY",dol_lca | dol_perm | uscis_h1b,DETERMINISTIC,1.0,0,0,HIGH,NO_EVIDENT_NEED,,PENDING_HUMAN_REVIEW,,,2266,616,963,0
COMPANY_OR_OTHER_EMPLOYER,legal_source_d3f242589b87b0c4cde3,"COMPUNNEL SOFTWARE GROUP, INC","COMPUNNEL SOFTWARE GROUP, INC",,"COMPUNNEL SOFTWARE GROUP, INC | COMPUNNEL SOFTWARE GROUP, INC. | COMPUNNEL SOFTWARE GROUP INC. | COMPUNNEL SOFTWARE GROUP INC","PLAINSBORO, NJ",dol_lca | dol_perm | uscis_h1b,DETERMINISTIC | REVIEW_REQUIRED,0.93,0,0,REVIEW_REQUIRED,YES,,PENDING_HUMAN_REVIEW,,,1470,1235,1150,0
COMPANY_OR_OTHER_EMPLOYER,legal_source_8a3e4e432bdc40906b97,INTEL CORPORATION,INTEL CORPORATION,,INTEL CORPORATION | Intel Corporation  | Intel Corporation,"SANTA CLARA, CA",dol_lca | dol_perm | uscis_h1b,DETERMINISTIC,1.0,0,0,HIGH,NO_EVIDENT_NEED,,PENDING_HUMAN_REVIEW,,,1059,1584,2,0
COMPANY_OR_OTHER_EMPLOYER,legal_source_1fcaa0b371236ac717c3,NVIDIA Corporation,NVIDIA Corporation,,NVIDIA Corporation | NVIDIA CORPORATION | NVIDIA CORP,"SANTA CLARA, CA",dol_lca | dol_perm | uscis_h1b,DETERMINISTIC,1.0,0,0,HIGH,NO_EVIDENT_NEED,,PENDING_HUMAN_REVIEW,,,1334,1253,3582,0
COMPANY_OR_OTHER_EMPLOYER,legal_source_f0b509337beb96385e6c,"PayPal, Inc.","PayPal, Inc.",,"PayPal, Inc. | PAYPAL, INC. | PAYPAL INC | PayPal, Inc. ","SAN JOSE, CA",dol_lca | dol_perm | uscis_h1b,DETERMINISTIC,1.0,0,0,HIGH,NO_EVIDENT_NEED,,PENDING_HUMAN_REVIEW,,,1576,828,2292,0
COMPANY_OR_OTHER_EMPLOYER,legal_source_abd57176c9a018302e0e,Adobe Inc.,Adobe Inc.,,"Adobe Inc. | Adobe Inc.  | ADOBE INC. | ADOBE INC | Adobe, Inc.","SAN JOSE, CA",dol_lca | dol_perm | uscis_h1b,DETERMINISTIC,1.0,0,0,HIGH,NO_EVIDENT_NEED,,PENDING_HUMAN_REVIEW,,,1142,908,2354,0
COMPANY_OR_OTHER_EMPLOYER,legal_source_72449eddd6b1b6cb57c7,"Citibank, N.A.","Citibank, N.A.",,"Citibank, N.A. | CITIBANK, N.A | CITIBANK N A | Citibank N.A.","NEW YORK, NY",dol_lca | dol_perm | uscis_h1b,DETERMINISTIC,1.0,0,0,HIGH,NO_EVIDENT_NEED,,PENDING_HUMAN_REVIEW,,,1391,526,2208,0
COMPANY_OR_OTHER_EMPLOYER,legal_source_5e2a4d1a33e953938cef,"Uber Technologies, Inc.","Uber Technologies, Inc.",,"Uber Technologies, Inc. | UBER TECHNOLOGIES INC. | UBER TECHNOLOGIES, INC. | UBER TECHNOLOGIES INC","SAN FRANCISCO, CA",dol_lca | dol_perm | uscis_h1b,DETERMINISTIC,1.0,0,0,HIGH,NO_EVIDENT_NEED,,PENDING_HUMAN_REVIEW,,,860,1042,2207,0
COMPANY_OR_OTHER_EMPLOYER,legal_source_6a813a81ee0c1e76b362,"COMPUNNEL SOFTWARE GROUP, INC","COMPUNNEL SOFTWARE GROUP, INC",,"COMPUNNEL SOFTWARE GROUP, INC | COMPUNNEL SOFTWARE GROUP, INC. | COMPUNNEL SOFTWARE GROUP INC | COMPUNNEL SOFTWARE GROUP INC.","PRINCETON, NJ",dol_lca | uscis_h1b,DETERMINISTIC,1.0,0,0,HIGH,NO_EVIDENT_NEED,,PENDING_HUMAN_REVIEW,,,1806,0,426,0
COMPANY_OR_OTHER_EMPLOYER,legal_source_5cb561e8bc10ae4701ac,eBay Inc.,eBay Inc.,,"eBay Inc. | EBAY INC. | EBAY INC | eBay, Inc.","SAN JOSE, CA",dol_lca | dol_perm | uscis_h1b,DETERMINISTIC,1.0,0,0,HIGH,NO_EVIDENT_NEED,,PENDING_HUMAN_REVIEW,,,991,759,1924,0
COMPANY_OR_OTHER_EMPLOYER,legal_source_906226fd001d9b158018,KFORCE INC. ,KFORCE INC. ,,KFORCE INC.  | KFORCE INC. | KFORCE INC,"TAMPA, FL",dol_lca | dol_perm | uscis_h1b,DETERMINISTIC,1.0,0,0,HIGH,NO_EVIDENT_NEED,,PENDING_HUMAN_REVIEW,,,853,769,649,0
UNIVERSITY_OR_RESEARCH_INSTITUTION,legal_ipeds_123961,,University of Southern California,,The University of Southern California | THE UNIVERSITY OF SOUTHERN CALIFORNIA | UNIVERSITY OF SOUTHERN CALIFORNIA | University of Southern California | The University of Southern California ,"LOS ANGELES, CA",dol_lca | dol_perm | ipeds | uscis_h1b,DETERMINISTIC | HIGH_CONFIDENCE_AUTO,1.0,0,0,HIGH,NO_EVIDENT_NEED,,PENDING_HUMAN_REVIEW,,,74,21,648,216656000
UNIVERSITY_OR_RESEARCH_INSTITUTION,legal_ipeds_162928,,Johns Hopkins University,,Johns Hopkins University | THE JOHNS HOPKINS UNIVERSITY | JOHNS HOPKINS UNIVERSITY | The Johns Hopkins University | JOHN HOPKINS UNIVERSITY | JOHNS HOPKINS UNIV,"BALTIMORE, MD",dol_lca | dol_perm | ipeds | uscis_h1b,DETERMINISTIC | HIGH_CONFIDENCE_AUTO,0.981915,0,0,HIGH,NO_EVIDENT_NEED,,PENDING_HUMAN_REVIEW,,,84,3,953,0
UNIVERSITY_OR_RESEARCH_INSTITUTION,legal_ipeds_144050,,University of Chicago,,The University of Chicago | University of Chicago | THE UNIVERSITY OF CHICAGO | The University Of Chicago | UNIVERSITY OF CHICAGO,"CHICAGO, IL",dol_lca | dol_perm | ipeds | uscis_h1b,DETERMINISTIC | HIGH_CONFIDENCE_AUTO,1.0,0,0,HIGH,NO_EVIDENT_NEED,,PENDING_HUMAN_REVIEW,,,71,10,857,83307000
UNIVERSITY_OR_RESEARCH_INSTITUTION,legal_ipeds_211440,,Carnegie Mellon University,,Carnegie Mellon University | CARNEGIE MELLON UNIVERSITY | Carnegie Mellon University  | CARNEGIE MELLON UNIV,"PITTSBURGH, PA",dol_lca | dol_perm | ipeds | uscis_h1b,DETERMINISTIC,1.0,0,0,HIGH,NO_EVIDENT_NEED,,PENDING_HUMAN_REVIEW,,,65,7,404,386670000
UNIVERSITY_OR_RESEARCH_INSTITUTION,legal_ipeds_167358,,Northeastern University,,Northeastern University | NORTHEASTERN UNIVERSITY | Northeastern University  | NORTHEASTERN UNIV,"BOSTON, MA",dol_lca | dol_perm | ipeds | uscis_h1b,DETERMINISTIC,1.0,0,0,HIGH,NO_EVIDENT_NEED,,PENDING_HUMAN_REVIEW,,,51,13,291,180069000
UNIVERSITY_OR_RESEARCH_INSTITUTION,legal_ipeds_233921,,Virginia Polytechnic Institute and State University,,Virginia Polytechnic Institute & State University | VIRGINIA POLYTECHNIC INSTITUTE  STATE UNIVERSITY | Virginia Polytechnic Institute and State University | Virginia Polytechnic Institute and State University ,"BLACKSBURG, VA",dol_lca | dol_perm | ipeds,DETERMINISTIC | HIGH_CONFIDENCE_AUTO,0.989796,0,0,HIGH,NO_EVIDENT_NEED,,PENDING_HUMAN_REVIEW,,,52,10,0,319441000
UNIVERSITY_OR_RESEARCH_INSTITUTION,legal_ipeds_110662,University of California,University of California-Los Angeles,University of California,"University of California, Los Angeles | UNIVERSITY OF CALIFORNIA, LOS ANGELES | UNIVERSITY OF CALIFORNIA LOS ANGELES | University of California-Los Angeles | UNIV OF CALIFORNIA LOS ANGELES","LOS ANGELES, CA",dol_lca | dol_perm | ipeds | uscis_h1b,DETERMINISTIC,1.0,0,0,HIGH,NO_EVIDENT_NEED,,PENDING_HUMAN_REVIEW,,,44,13,590,149677000
UNIVERSITY_OR_RESEARCH_INSTITUTION,legal_ipeds_134130,State University System of Florida,University of Florida,State University System of Florida,UNIVERSITY OF FLORIDA | UNIV OF FLORIDA | University of Florida,"GAINESVILLE, FL",dol_lca | dol_perm | ipeds | uscis_h1b,DETERMINISTIC,1.0,0,0,HIGH,NO_EVIDENT_NEED,,PENDING_HUMAN_REVIEW,,,50,4,852,172356000
UNIVERSITY_OR_RESEARCH_INSTITUTION,legal_ipeds_230764,Utah System of Higher Education,University of Utah,Utah System of Higher Education,University of Utah | UNIVERSITY OF UTAH | University of Utah  | UNIV OF UTAH,"SALT LAKE CITY, UT",dol_lca | dol_perm | ipeds | uscis_h1b,DETERMINISTIC,1.0,0,0,HIGH,NO_EVIDENT_NEED,,PENDING_HUMAN_REVIEW,,,42,12,575,122011000
UNIVERSITY_OR_RESEARCH_INSTITUTION,legal_ipeds_166683,,Massachusetts Institute of Technology,,Massachusetts Institute of Technology | MASSACHUSETTS INSTITUTE OF TECHNOLOGY,"CAMBRIDGE, MA",dol_lca | dol_perm | ipeds | uscis_h1b,DETERMINISTIC,1.0,0,0,HIGH,NO_EVIDENT_NEED,,PENDING_HUMAN_REVIEW,,,43,1,247,535319000
UNIVERSITY_OR_RESEARCH_INSTITUTION,legal_ipeds_147767,,Northwestern University,,Northwestern University | NORTHWESTERN UNIVERSITY | Northwestern University  | NORTHWESTERN UNIV,"EVANSTON, IL",dol_lca | dol_perm | ipeds | uscis_h1b,DETERMINISTIC,1.0,0,0,HIGH,NO_EVIDENT_NEED,,PENDING_HUMAN_REVIEW,,,43,1,838,135698000
UNIVERSITY_OR_RESEARCH_INSTITUTION,legal_ipeds_100663,The University of Alabama System,University of Alabama at Birmingham,The University of Alabama System,The University of Alabama at Birmingham | UNIVERSITY OF ALABAMA AT BIRMINGHAM | University of Alabama at Birmingham | THE UNIV OF ALABAMA AT BIRMINGHAM | UNIV OF ALABAMA AT BIRMINGHAM,"BIRMINGHAM, AL",dol_lca | dol_perm | ipeds | uscis_h1b,DETERMINISTIC | HIGH_CONFIDENCE_AUTO,0.98,0,0,HIGH,NO_EVIDENT_NEED,,PENDING_HUMAN_REVIEW,,,41,3,577,31441000
UNIVERSITY_OR_RESEARCH_INSTITUTION,legal_ipeds_145600,University of Illinois Board of Trustees,University of Illinois Chicago,University of Illinois Board of Trustees,University of Illinois Chicago | University of Illinois at Chicago | UNIVERSITY OF ILLINOIS AT CHICAGO | UNIVERSITY OF ILLINOIS CHICAGO,"CHICAGO, IL",dol_lca | dol_perm | ipeds | uscis_h1b,DETERMINISTIC | HIGH_CONFIDENCE_AUTO,0.988095,0,0,HIGH,NO_EVIDENT_NEED,,PENDING_HUMAN_REVIEW,,,34,5,283,59431000
UNIVERSITY_OR_RESEARCH_INSTITUTION,legal_ipeds_104179,Arizona Board of Regents,University of Arizona,Arizona Board of Regents,The University of Arizona | University of Arizona | THE UNIVERSITY OF ARIZONA | UNIVERSITY OF ARIZONA,"TUCSON, AZ",dol_lca | dol_perm | ipeds | uscis_h1b,DETERMINISTIC | HIGH_CONFIDENCE_AUTO,0.98,0,0,HIGH,NO_EVIDENT_NEED,,PENDING_HUMAN_REVIEW,,,36,2,385,137759000
UNIVERSITY_OR_RESEARCH_INSTITUTION,legal_ipeds_137351,State University System of Florida,University of South Florida,State University System of Florida,University of South Florida | UNIVERSITY OF SOUTH FLORIDA,"TAMPA, FL",dol_lca | dol_perm | ipeds | uscis_h1b,DETERMINISTIC,1.0,0,0,HIGH,NO_EVIDENT_NEED,,PENDING_HUMAN_REVIEW,,,34,1,302,90486000
UNIVERSITY_OR_RESEARCH_INSTITUTION,legal_ipeds_185828,,New Jersey Institute of Technology,,New Jersey Institute of Technology | NEW JERSEY INSTITUTE OF TECHNOLOGY,"NEWARK, NJ",dol_lca | dol_perm | ipeds | uscis_h1b,DETERMINISTIC,1.0,0,0,HIGH,NO_EVIDENT_NEED,,PENDING_HUMAN_REVIEW,,,34,0,112,108602000
UNIVERSITY_OR_RESEARCH_INSTITUTION,legal_ipeds_221999,,Vanderbilt University,,Vanderbilt University | VANDERBILT UNIVERSITY,"NASHVILLE, TN",dol_lca | dol_perm | ipeds | uscis_h1b,DETERMINISTIC,1.0,0,0,HIGH,NO_EVIDENT_NEED,,PENDING_HUMAN_REVIEW,,,31,3,307,0
UNIVERSITY_OR_RESEARCH_INSTITUTION,legal_ipeds_110680,University of California,University of California-San Diego,University of California,"UNIVERSITY OF CALIFORNIA, SAN DIEGO | UNIVERSITY OF CALIFORNIA SAN DIEGO | University of California, San Diego | University of California-San Diego | UNIV OF CALIFORNIA SAN DIEGO","LA JOLLA, CA",dol_lca | dol_perm | ipeds | uscis_h1b,DETERMINISTIC,1.0,0,0,HIGH,NO_EVIDENT_NEED,,PENDING_HUMAN_REVIEW,,,30,3,557,260338000
UNIVERSITY_OR_RESEARCH_INSTITUTION,legal_ipeds_134097,State University System of Florida,Florida State University,State University System of Florida,The Florida State University | FLORIDA STATE UNIVERSITY | Florida State University,"TALLAHASSEE, FL",dol_lca | dol_perm | ipeds | uscis_h1b,DETERMINISTIC | HIGH_CONFIDENCE_AUTO,1.0,0,0,HIGH,NO_EVIDENT_NEED,,PENDING_HUMAN_REVIEW,,,29,4,326,92835000
UNIVERSITY_OR_RESEARCH_INSTITUTION,legal_ipeds_227216,University of North Texas System,University of North Texas,University of North Texas System,UNIVERSITY OF NORTH TEXAS | University of North Texas,"DENTON, TX",dol_lca | dol_perm | ipeds | uscis_h1b,DETERMINISTIC,1.0,0,0,HIGH,NO_EVIDENT_NEED,,PENDING_HUMAN_REVIEW,,,27,6,151,48452000
UNIVERSITY_OR_RESEARCH_INSTITUTION,legal_ipeds_232982,,Old Dominion University,,Old Dominion University | OLD DOMINION UNIVERSITY | Old Dominion University  | OLD DOMINION UNIVERSITY ,"NORFOLK, VA",dol_lca | dol_perm | ipeds | uscis_h1b,DETERMINISTIC,1.0,0,0,HIGH,NO_EVIDENT_NEED,,PENDING_HUMAN_REVIEW,,,24,9,174,36672000
UNIVERSITY_OR_RESEARCH_INSTITUTION,legal_ipeds_193405,,Icahn School of Medicine at Mount Sinai,,Icahn School of Medicine at Mount Sinai | ICAHN SCHOOL OF MEDICINE AT MOUNT SINAI,"NEW YORK, NY",dol_lca | dol_perm | ipeds | uscis_h1b,DETERMINISTIC,1.0,0,0,HIGH,NO_EVIDENT_NEED,,PENDING_HUMAN_REVIEW,,,29,4,906,0
UNIVERSITY_OR_RESEARCH_INSTITUTION,legal_ipeds_433387,,Western Governors University,,Western Governors University | WESTERN GOVERNORS UNIVERSITY,"SALT LAKE CITY, UT",dol_lca | dol_perm | ipeds | uscis_h1b,DETERMINISTIC,1.0,0,0,HIGH,NO_EVIDENT_NEED,,PENDING_HUMAN_REVIEW,,,27,6,20,0
UNIVERSITY_OR_RESEARCH_INSTITUTION,legal_ipeds_171100,,Michigan State University,,MICHIGAN STATE UNIVERSITY | Michigan State University | Michigan State University ,"EAST LANSING, MI",dol_lca | dol_perm | ipeds | uscis_h1b,DETERMINISTIC,1.0,0,0,HIGH,NO_EVIDENT_NEED,,PENDING_HUMAN_REVIEW,,,25,7,530,120975000
UNIVERSITY_OR_RESEARCH_INSTITUTION,legal_ipeds_229115,Texas Tech University System,Texas Tech University,Texas Tech University System,Texas Tech University | TEXAS TECH UNIVERSITY,"LUBBOCK, TX",dol_lca | dol_perm | ipeds | uscis_h1b,DETERMINISTIC,1.0,0,0,HIGH,NO_EVIDENT_NEED,,PENDING_HUMAN_REVIEW,,,20,12,420,65197000
UNIVERSITY_OR_RESEARCH_INSTITUTION,legal_ipeds_163286,University System of Maryland,University of Maryland-College Park,University System of Maryland,"University of Maryland College Park | University of Maryland, College Park | University of Maryland College Park  | University of Maryland-College Park","COLLEGE PARK, MD",dol_lca | dol_perm | ipeds,DETERMINISTIC,1.0,0,0,HIGH,NO_EVIDENT_NEED,,PENDING_HUMAN_REVIEW,,,32,0,0,0
UNIVERSITY_OR_RESEARCH_INSTITUTION,legal_ipeds_228778,The University of Texas System,The University of Texas at Austin,The University of Texas System,The University of Texas at Austin | UNIVERSITY OF TEXAS AT AUSTIN | THE UNIVERSITY OF TEXAS AT AUSTIN | THE UNIV OF TEXAS AT AUSTIN,"AUSTIN, TX",dol_lca | dol_perm | ipeds | uscis_h1b,DETERMINISTIC | HIGH_CONFIDENCE_AUTO,1.0,0,0,HIGH,NO_EVIDENT_NEED,,PENDING_HUMAN_REVIEW,,,29,2,411,574562000
UNIVERSITY_OR_RESEARCH_INSTITUTION,legal_ipeds_217156,,Brown University,,Brown University | BROWN UNIVERSITY,"PROVIDENCE, RI",dol_lca | dol_perm | ipeds | uscis_h1b,DETERMINISTIC,1.0,0,0,HIGH,NO_EVIDENT_NEED,,PENDING_HUMAN_REVIEW,,,29,2,298,50752000
UNIVERSITY_OR_RESEARCH_INSTITUTION,legal_ipeds_139658,,Emory University,,Emory University | EMORY UNIVERSITY | Emory University ,"ATLANTA, GA",dol_lca | dol_perm | ipeds | uscis_h1b,DETERMINISTIC,1.0,0,0,HIGH,NO_EVIDENT_NEED,,PENDING_HUMAN_REVIEW,,,29,2,811,41601000
UNIVERSITY_OR_RESEARCH_INSTITUTION,legal_ipeds_486840,University System of Georgia,Kennesaw State University,University System of Georgia,KENNESAW STATE UNIVERSITY | Kennesaw State University,"KENNESAW, GA",dol_lca | dol_perm | ipeds | uscis_h1b,DETERMINISTIC,1.0,0,0,HIGH,NO_EVIDENT_NEED,,PENDING_HUMAN_REVIEW,,,17,14,97,9472000
