source_id,job_title_raw,soc_code_raw,occurrence_count,before_version,after_version,before_technical_role,after_technical_role,before_family,after_family,before_method,after_method,before_rule,after_rule,before_review_status,after_review_status,transition,inspection_status,reviewer,reviewer_note
dol_perm,Recruitment Officer,41-4012,11,role_taxonomy_v1,role_taxonomy_v2,False,False,not_relevant,not_relevant,DEFAULT_NOT_RELEVANT,STRONG_EXCLUSION_PATTERN,no_technical_evidence,sales_recruiting,NOT_REQUIRED,NOT_REQUIRED,NOT_RELEVANT:not_relevant -> NOT_RELEVANT:not_relevant,PENDING_MANUAL_INSPECTION,,
dol_lca,Recruiting Research Associate ,13-1071.00,6,role_taxonomy_v1,role_taxonomy_v2,False,False,not_relevant,not_relevant,DEFAULT_NOT_RELEVANT,STRONG_EXCLUSION_PATTERN,no_technical_evidence,sales_recruiting,NOT_REQUIRED,NOT_REQUIRED,NOT_RELEVANT:not_relevant -> NOT_RELEVANT:not_relevant,PENDING_MANUAL_INSPECTION,,
dol_perm,Recruitment Officer,11-3131.00,6,role_taxonomy_v1,role_taxonomy_v2,False,False,not_relevant,not_relevant,DEFAULT_NOT_RELEVANT,STRONG_EXCLUSION_PATTERN,no_technical_evidence,sales_recruiting,NOT_REQUIRED,NOT_REQUIRED,NOT_RELEVANT:not_relevant -> NOT_RELEVANT:not_relevant,PENDING_MANUAL_INSPECTION,,
dol_perm,Hybrid Cloud Infrastructure Architect,15-1143,1,role_taxonomy_v1,role_taxonomy_v2,False,True,not_relevant,cloud,DEFAULT_NOT_RELEVANT,STRONG_TITLE_PATTERN,no_technical_evidence,cloud,NOT_REQUIRED,NOT_REQUIRED,NOT_RELEVANT:not_relevant -> TECHNICAL:cloud,PENDING_MANUAL_INSPECTION,,
dol_perm,Senior Cloud Infrastructure Architect,,1,role_taxonomy_v1,role_taxonomy_v2,False,True,not_relevant,cloud,DEFAULT_NOT_RELEVANT,STRONG_TITLE_PATTERN,no_technical_evidence,cloud,NOT_REQUIRED,NOT_REQUIRED,NOT_RELEVANT:not_relevant -> TECHNICAL:cloud,PENDING_MANUAL_INSPECTION,,
dol_lca,Assistant Professor of Biomedical Informatics,25-1021.00,3,role_taxonomy_v1,role_taxonomy_v2,True,False,computer_science_research,not_relevant,SOC_MAPPING,STRONG_EXCLUSION_PATTERN,soc_mapping:3,biological_chemical,NOT_REQUIRED,NOT_REQUIRED,TECHNICAL:computer_science_research -> NOT_RELEVANT:not_relevant,PENDING_MANUAL_INSPECTION,,
dol_lca,Assistant Professor,15-1221.00,2,role_taxonomy_v1,role_taxonomy_v2,True,False,computer_science_research,not_relevant,SOC_MAPPING,STRONG_EXCLUSION_PATTERN,soc_mapping:3,noncomputing_faculty,NOT_REQUIRED,NOT_REQUIRED,TECHNICAL:computer_science_research -> NOT_RELEVANT:not_relevant,PENDING_MANUAL_INSPECTION,,
dol_lca,Assistant Professor of Biomedical Data Science,25-1021.00,2,role_taxonomy_v1,role_taxonomy_v2,True,False,computer_science_research,not_relevant,SOC_MAPPING,STRONG_EXCLUSION_PATTERN,soc_mapping:3,biological_chemical,NOT_REQUIRED,NOT_REQUIRED,TECHNICAL:computer_science_research -> NOT_RELEVANT:not_relevant,PENDING_MANUAL_INSPECTION,,
dol_lca,Postdoc Res Assc-Biomedical Natural Language Processing,15-1221.00,1,role_taxonomy_v1,role_taxonomy_v2,True,True,computer_science_research,machine_learning_ai,SOC_MAPPING,STRONG_TITLE_PATTERN,soc_mapping:3,machine_learning_ai,NOT_REQUIRED,NOT_REQUIRED,TECHNICAL:computer_science_research -> TECHNICAL:machine_learning_ai,PENDING_MANUAL_INSPECTION,,
dol_lca,Sr. Research Engineer - Biological Imaging & Computer Vision,15-1221.00,1,role_taxonomy_v1,role_taxonomy_v2,True,True,computer_science_research,machine_learning_ai,SOC_MAPPING,STRONG_TITLE_PATTERN,soc_mapping:3,machine_learning_ai,NOT_REQUIRED,NOT_REQUIRED,TECHNICAL:computer_science_research -> TECHNICAL:machine_learning_ai,PENDING_MANUAL_INSPECTION,,
dol_lca,Manager,15-1243.00,59,role_taxonomy_v1,role_taxonomy_v2,True,False,data_engineering,not_relevant,SOC_MAPPING,STRONG_EXCLUSION_PATTERN,soc_mapping:1,nontechnical_management_analysis,NOT_REQUIRED,NOT_REQUIRED,TECHNICAL:data_engineering -> NOT_RELEVANT:not_relevant,PENDING_MANUAL_INSPECTION,,
dol_lca,Consultant,15-1243.00,13,role_taxonomy_v1,role_taxonomy_v2,True,False,data_engineering,not_relevant,SOC_MAPPING,STRONG_EXCLUSION_PATTERN,soc_mapping:1,nontechnical_management_analysis,NOT_REQUIRED,NOT_REQUIRED,TECHNICAL:data_engineering -> NOT_RELEVANT:not_relevant,PENDING_MANUAL_INSPECTION,,
dol_perm,Associate,15-1243.01,12,role_taxonomy_v1,role_taxonomy_v2,True,False,data_engineering,not_relevant,SOC_MAPPING,STRONG_EXCLUSION_PATTERN,soc_mapping:1,nontechnical_management_analysis,NOT_REQUIRED,NOT_REQUIRED,TECHNICAL:data_engineering -> NOT_RELEVANT:not_relevant,PENDING_MANUAL_INSPECTION,,
dol_lca,Biomedical Informatics Software Engineer II,15-1243.00,1,role_taxonomy_v1,role_taxonomy_v2,True,True,data_engineering,software_engineering,SOC_MAPPING,STRONG_TITLE_PATTERN,soc_mapping:1,software_engineering,NOT_REQUIRED,NOT_REQUIRED,TECHNICAL:data_engineering -> TECHNICAL:software_engineering,PENDING_MANUAL_INSPECTION,,
dol_lca,Business Analyst,15-2051.01,473,role_taxonomy_v1,role_taxonomy_v2,True,False,data_science,not_relevant,SOC_MAPPING,STRONG_EXCLUSION_PATTERN,soc_mapping:4,nontechnical_management_analysis,NOT_REQUIRED,NOT_REQUIRED,TECHNICAL:data_science -> NOT_RELEVANT:not_relevant,PENDING_MANUAL_INSPECTION,,
dol_lca,Product Manager,15-2051.01,116,role_taxonomy_v1,role_taxonomy_v2,True,False,data_science,not_relevant,SOC_MAPPING,STRONG_EXCLUSION_PATTERN,soc_mapping:4,nontechnical_management_analysis,NOT_REQUIRED,NOT_REQUIRED,TECHNICAL:data_science -> NOT_RELEVANT:not_relevant,PENDING_MANUAL_INSPECTION,,
dol_lca,BUSINESS ANALYST,15-2051.01,95,role_taxonomy_v1,role_taxonomy_v2,True,False,data_science,not_relevant,SOC_MAPPING,STRONG_EXCLUSION_PATTERN,soc_mapping:4,nontechnical_management_analysis,NOT_REQUIRED,NOT_REQUIRED,TECHNICAL:data_science -> NOT_RELEVANT:not_relevant,PENDING_MANUAL_INSPECTION,,
dol_lca,Data Engineer in Biomedical Informatics,15-2051.00,1,role_taxonomy_v1,role_taxonomy_v2,True,True,data_science,data_engineering,SOC_MAPPING,STRONG_TITLE_PATTERN,soc_mapping:4,data_engineering,NOT_REQUIRED,NOT_REQUIRED,TECHNICAL:data_science -> TECHNICAL:data_engineering,PENDING_MANUAL_INSPECTION,,
dol_lca,Biomedical Data Scientist,15-2051.00,3,role_taxonomy_v1,role_taxonomy_v2,True,True,data_science,data_science,SOC_MAPPING,STRONG_TITLE_PATTERN,soc_mapping:4,data_science,NOT_REQUIRED,NOT_REQUIRED,TECHNICAL:data_science -> TECHNICAL:data_science,PENDING_MANUAL_INSPECTION,,
dol_lca,"Senior Data Scientist in Molecular Bio, Cell Bio, & Biochem",15-2051.00,2,role_taxonomy_v1,role_taxonomy_v2,True,True,data_science,data_science,SOC_MAPPING,STRONG_TITLE_PATTERN,soc_mapping:4,data_science,NOT_REQUIRED,NOT_REQUIRED,TECHNICAL:data_science -> TECHNICAL:data_science,PENDING_MANUAL_INSPECTION,,
dol_perm,Biomedical Data Scientist,15-2051.00,1,role_taxonomy_v1,role_taxonomy_v2,True,True,data_science,data_science,SOC_MAPPING,STRONG_TITLE_PATTERN,soc_mapping:4,data_science,NOT_REQUIRED,NOT_REQUIRED,TECHNICAL:data_science -> TECHNICAL:data_science,PENDING_MANUAL_INSPECTION,,
dol_lca,Biomedical Data Manager,15-2051.02,1,role_taxonomy_v1,role_taxonomy_v2,True,True,data_science,technical_management_related,SOC_MAPPING,STRONG_TITLE_PATTERN,soc_mapping:4,technical_management,NOT_REQUIRED,NOT_REQUIRED,TECHNICAL:data_science -> TECHNICAL:technical_management_related,PENDING_MANUAL_INSPECTION,,
dol_lca,Project Manager,15-1299.09,865,role_taxonomy_v1,role_taxonomy_v2,True,False,other_computing,not_relevant,SOC_MAPPING,STRONG_EXCLUSION_PATTERN,soc_mapping:6,nontechnical_management_analysis,NOT_REQUIRED,NOT_REQUIRED,TECHNICAL:other_computing -> NOT_RELEVANT:not_relevant,PENDING_MANUAL_INSPECTION,,
dol_lca,Product Manager,15-1299.09,683,role_taxonomy_v1,role_taxonomy_v2,True,False,other_computing,not_relevant,SOC_MAPPING,STRONG_EXCLUSION_PATTERN,soc_mapping:6,nontechnical_management_analysis,NOT_REQUIRED,NOT_REQUIRED,TECHNICAL:other_computing -> NOT_RELEVANT:not_relevant,PENDING_MANUAL_INSPECTION,,
dol_perm,Project Manager,15-1199,277,role_taxonomy_v1,role_taxonomy_v2,True,False,other_computing,not_relevant,SOC_MAPPING,STRONG_EXCLUSION_PATTERN,soc_mapping:6,nontechnical_management_analysis,NOT_REQUIRED,NOT_REQUIRED,TECHNICAL:other_computing -> NOT_RELEVANT:not_relevant,PENDING_MANUAL_INSPECTION,,
dol_perm,Manager,15-1132,605,role_taxonomy_v1,role_taxonomy_v2,True,False,software_engineering,not_relevant,SOC_MAPPING,STRONG_EXCLUSION_PATTERN,soc_mapping:0,nontechnical_management_analysis,NOT_REQUIRED,NOT_REQUIRED,TECHNICAL:software_engineering -> NOT_RELEVANT:not_relevant,PENDING_MANUAL_INSPECTION,,
dol_lca,Manager,15-1252.00,487,role_taxonomy_v1,role_taxonomy_v2,True,False,software_engineering,not_relevant,SOC_MAPPING,STRONG_EXCLUSION_PATTERN,soc_mapping:0,nontechnical_management_analysis,NOT_REQUIRED,NOT_REQUIRED,TECHNICAL:software_engineering -> NOT_RELEVANT:not_relevant,PENDING_MANUAL_INSPECTION,,
dol_lca,Associate,15-1252.00,324,role_taxonomy_v1,role_taxonomy_v2,True,False,software_engineering,not_relevant,SOC_MAPPING,STRONG_EXCLUSION_PATTERN,soc_mapping:0,nontechnical_management_analysis,NOT_REQUIRED,NOT_REQUIRED,TECHNICAL:software_engineering -> NOT_RELEVANT:not_relevant,PENDING_MANUAL_INSPECTION,,
dol_perm,Biomedical Research Software Engineer,15-1132,1,role_taxonomy_v1,role_taxonomy_v2,True,True,software_engineering,research_software,SOC_MAPPING,STRONG_TITLE_PATTERN,soc_mapping:0,research_software,NOT_REQUIRED,NOT_REQUIRED,TECHNICAL:software_engineering -> TECHNICAL:research_software,PENDING_MANUAL_INSPECTION,,
dol_lca,Biomedical Software Developer,15-1252.00,2,role_taxonomy_v1,role_taxonomy_v2,True,True,software_engineering,software_engineering,SOC_MAPPING,STRONG_TITLE_PATTERN,soc_mapping:0,software_engineering,NOT_REQUIRED,NOT_REQUIRED,TECHNICAL:software_engineering -> TECHNICAL:software_engineering,PENDING_MANUAL_INSPECTION,,
dol_perm,Senior Software Engineer in Test - Computational Biology,15-1253.00,1,role_taxonomy_v1,role_taxonomy_v2,True,True,software_engineering,software_engineering,SOC_MAPPING,STRONG_TITLE_PATTERN,soc_mapping:0,software_engineering,NOT_REQUIRED,NOT_REQUIRED,TECHNICAL:software_engineering -> TECHNICAL:software_engineering,PENDING_MANUAL_INSPECTION,,
dol_perm,Software Engineer in Test – Computational Biology,15-1253.00,1,role_taxonomy_v1,role_taxonomy_v2,True,True,software_engineering,software_engineering,SOC_MAPPING,STRONG_TITLE_PATTERN,soc_mapping:0,software_engineering,NOT_REQUIRED,NOT_REQUIRED,TECHNICAL:software_engineering -> TECHNICAL:software_engineering,PENDING_MANUAL_INSPECTION,,
dol_lca,Business Analyst,15-1211.00,434,role_taxonomy_v1,role_taxonomy_v2,True,False,systems_infrastructure,not_relevant,SOC_MAPPING,STRONG_EXCLUSION_PATTERN,soc_mapping:2,nontechnical_management_analysis,NOT_REQUIRED,NOT_REQUIRED,TECHNICAL:systems_infrastructure -> NOT_RELEVANT:not_relevant,PENDING_MANUAL_INSPECTION,,
dol_perm,Business Analyst,15-1121,221,role_taxonomy_v1,role_taxonomy_v2,True,False,systems_infrastructure,not_relevant,SOC_MAPPING,STRONG_EXCLUSION_PATTERN,soc_mapping:2,nontechnical_management_analysis,NOT_REQUIRED,NOT_REQUIRED,TECHNICAL:systems_infrastructure -> NOT_RELEVANT:not_relevant,PENDING_MANUAL_INSPECTION,,
dol_perm,Business Analyst,15-1211.00,181,role_taxonomy_v1,role_taxonomy_v2,True,False,systems_infrastructure,not_relevant,SOC_MAPPING,STRONG_EXCLUSION_PATTERN,soc_mapping:2,nontechnical_management_analysis,NOT_REQUIRED,NOT_REQUIRED,TECHNICAL:systems_infrastructure -> NOT_RELEVANT:not_relevant,PENDING_MANUAL_INSPECTION,,
dol_perm,Cloud Infrastructure Engineer,15-1143,1,role_taxonomy_v1,role_taxonomy_v2,True,True,systems_infrastructure,cloud,STRONG_TITLE_PATTERN,STRONG_TITLE_PATTERN,systems_infrastructure,cloud,NOT_REQUIRED,NOT_REQUIRED,TECHNICAL:systems_infrastructure -> TECHNICAL:cloud,PENDING_MANUAL_INSPECTION,,
dol_perm,Cloud Infrastructure Engineer – Lead Associate ,,1,role_taxonomy_v1,role_taxonomy_v2,True,True,systems_infrastructure,cloud,STRONG_TITLE_PATTERN,STRONG_TITLE_PATTERN,systems_infrastructure,cloud,NOT_REQUIRED,NOT_REQUIRED,TECHNICAL:systems_infrastructure -> TECHNICAL:cloud,PENDING_MANUAL_INSPECTION,,
dol_lca,Sr. Cloud Infrastructure Engineer,17-2199.00,1,role_taxonomy_v1,role_taxonomy_v2,True,True,systems_infrastructure,cloud,STRONG_TITLE_PATTERN,STRONG_TITLE_PATTERN,systems_infrastructure,cloud,NOT_REQUIRED,NOT_REQUIRED,TECHNICAL:systems_infrastructure -> TECHNICAL:cloud,PENDING_MANUAL_INSPECTION,,
dol_lca,Manager,11-3021.00,741,role_taxonomy_v1,role_taxonomy_v2,True,False,technical_management_related,not_relevant,SOC_MAPPING,STRONG_EXCLUSION_PATTERN,soc_mapping:5,nontechnical_management_analysis,NOT_REQUIRED,NOT_REQUIRED,TECHNICAL:technical_management_related -> NOT_RELEVANT:not_relevant,PENDING_MANUAL_INSPECTION,,
dol_lca,Product Manager,11-3021.00,162,role_taxonomy_v1,role_taxonomy_v2,True,False,technical_management_related,not_relevant,SOC_MAPPING,STRONG_EXCLUSION_PATTERN,soc_mapping:5,nontechnical_management_analysis,NOT_REQUIRED,NOT_REQUIRED,TECHNICAL:technical_management_related -> NOT_RELEVANT:not_relevant,PENDING_MANUAL_INSPECTION,,
dol_lca,Director,11-3021.00,131,role_taxonomy_v1,role_taxonomy_v2,True,False,technical_management_related,not_relevant,SOC_MAPPING,STRONG_EXCLUSION_PATTERN,soc_mapping:5,nontechnical_management_analysis,NOT_REQUIRED,NOT_REQUIRED,TECHNICAL:technical_management_related -> NOT_RELEVANT:not_relevant,PENDING_MANUAL_INSPECTION,,
dol_perm,Biomedical NLP Data Scientist,11-3021,1,role_taxonomy_v1,role_taxonomy_v2,True,True,technical_management_related,data_science,SOC_MAPPING,STRONG_TITLE_PATTERN,soc_mapping:5,data_science,NOT_REQUIRED,NOT_REQUIRED,TECHNICAL:technical_management_related -> TECHNICAL:data_science,PENDING_MANUAL_INSPECTION,,
dol_lca,Pre-Sales Engineering Manager,11-3021.00,2,role_taxonomy_v1,role_taxonomy_v2,True,True,technical_management_related,technical_management_related,SOC_MAPPING,STRONG_TITLE_PATTERN,soc_mapping:5,technical_management,NOT_REQUIRED,NOT_REQUIRED,TECHNICAL:technical_management_related -> TECHNICAL:technical_management_related,PENDING_MANUAL_INSPECTION,,
